Date,CLOSE,Returns
2015-04-14,142.6,-0.01993127147766327
2015-04-15,141.7,-0.006311360448807868
2015-04-16,140.7,-0.007057163020465773
2015-04-17,140.5,-0.001421464108031234
2015-04-20,141.9,0.009964412811388046
2015-04-21,143.5,0.01127554615926707
2015-04-22,142.4,-0.0076655052264807955
2015-04-23,142.9,0.0035112359550562022
2015-04-24,142.4,-0.0034989503149055468
2015-04-27,143.0,0.004213483146067398
2015-04-28,141.9,-0.007692307692307665
2015-04-29,142.0,0.000704721634954053
2015-04-30,140.6,-0.009859154929577452
2015-05-04,140.6,0.0
2015-05-05,138.5,-0.01493598862019907
2015-05-06,137.4,-0.007942238267148016
2015-05-07,136.7,-0.005094614264920083
2015-05-08,132.3,-0.032187271397219996
2015-05-11,134.3,0.015117157974300799
2015-05-12,133.8,-0.0037230081906179935
2015-05-13,133.3,-0.0037369207772794955
2015-05-15,133.7,0.0030007501875466414
2015-05-18,134.3,0.004487658937920802
2015-05-19,135.1,0.005956813104988745
2015-05-20,134.5,-0.004441154700221994
2015-05-21,134.0,-0.0037174721189591198
2015-05-22,133.3,-0.0052238805970148405
2015-05-26,133.0,-0.0022505626406602586
2015-05-27,133.5,0.003759398496240518
2015-05-28,133.8,0.0022471910112360494
2015-05-29,132.0,-0.013452914798206317
2015-06-01,132.8,0.0060606060606061
2015-06-02,132.9,0.0007530120481926694
2015-06-03,133.0,0.0007524454477050302
2015-06-04,132.7,-0.0022556390977443996
2015-06-05,131.7,-0.007535795026375247
2015-06-08,131.2,-0.0037965072133636646
2015-06-09,131.7,0.003810975609756184
2015-06-10,132.8,0.008352315869400329
2015-06-11,132.4,-0.003012048192771122
2015-06-12,131.2,-0.009063444108761476
2015-06-15,128.1,-0.023628048780487743
2015-06-16,128.9,0.006245120999219367
2015-06-17,127.2,-0.013188518231186941
2015-06-18,125.2,-0.01572327044025157
2015-06-19,125.7,0.003993610223642197
2015-06-22,126.6,0.007159904534606243
2015-06-23,127.1,0.003949447077409074
2015-06-24,127.2,0.0007867820613691734
2015-06-25,125.5,-0.013364779874213806
2015-06-26,124.2,-0.01035856573705174
2015-06-29,124.6,0.0032206119162641045
2015-06-30,124.1,-0.0040128410914928025
2015-07-01,124.8,0.005640612409347323
2015-07-02,124.2,-0.004807692307692291
2015-07-03,122.9,-0.010466988727858229
2015-07-06,122.3,-0.004882017900732394
2015-07-07,121.2,-0.008994276369582943
2015-07-08,122.7,0.012376237623762387
2015-07-09,125.4,0.022004889975550057
2015-07-10,126.7,0.010366826156299913
2015-07-13,126.4,-0.0023677979479084232
2015-07-14,129.2,0.02215189873417711
2015-07-15,129.1,-0.0007739938080495445
2015-07-16,130.0,0.006971340046475705
2015-07-17,132.0,0.01538461538461533
2015-07-20,131.5,-0.0037878787878787845
2015-07-21,132.0,0.0038022813688212143
2015-07-22,131.7,-0.002272727272727315
2015-07-23,130.8,-0.006833712984054552
2015-07-24,129.4,-0.010703363914373099
2015-07-27,129.9,0.003863987635239541
2015-07-28,131.6,0.013086989992301623
2015-07-29,131.9,0.0022796352583587254
2015-07-30,132.3,0.0030326004548901775
2015-07-31,133.4,0.008314436885865417
2015-08-03,133.6,0.0014992503748125774
2015-08-04,133.7,0.0007485029940119681
2015-08-05,135.3,0.01196709050112199
2015-08-06,136.2,0.006651884700664912
2015-08-07,135.6,-0.004405286343612258
2015-08-10,136.6,0.007374631268436627
2015-08-11,136.5,-0.0007320644216690653
2015-08-12,133.5,-0.02197802197802201
2015-08-13,134.4,0.006741573033707926
2015-08-14,134.7,0.0022321428571427937
2015-08-17,135.2,0.0037119524870081744
2015-08-18,135.0,-0.0014792899408283544
2015-08-19,133.5,-0.011111111111111072
2015-08-20,131.0,-0.01872659176029967
2015-08-21,127.3,-0.028244274809160363
2015-08-24,124.8,-0.01963864886095834
2015-08-25,128.6,0.03044871794871784
2015-08-26,128.0,-0.004665629860031051
2015-08-27,130.3,0.01796875000000009
2015-08-28,127.8,-0.019186492709132863
2015-08-31,128.8,0.007824726134585402
2015-09-01,125.9,-0.022515527950310643
2015-09-02,127.1,0.009531374106433566
2015-09-03,127.9,0.006294256490952055
2015-09-04,127.4,-0.003909304143862369
2015-09-07,126.9,-0.003924646781789609
2015-09-08,126.8,-0.0007880220646179215
2015-09-09,128.0,0.009463722397476282
2015-09-10,126.6,-0.010937500000000044
2015-09-11,127.0,0.003159557661927437
2015-09-14,126.2,-0.006299212598425141
2015-09-15,125.7,-0.003961965134706813
2015-09-16,125.6,-0.0007955449482895949
2015-09-17,126.0,0.0031847133757962887
2015-09-18,125.0,-0.007936507936507908
2015-09-21,126.0,0.008000000000000007
2015-09-22,123.7,-0.01825396825396819
2015-09-23,124.1,0.003233629749393563
2015-09-24,121.0,-0.02497985495568089
2015-09-25,123.9,0.023966942148760273
2015-09-28,123.5,-0.0032284100080710587
2015-09-29,123.5,0.0
2015-09-30,125.2,0.013765182186234792
2015-10-01,125.5,0.0023961661341853624
2015-10-02,126.2,0.005577689243027928
2015-10-05,127.7,0.01188589540412055
2015-10-06,127.7,0.0
2015-10-07,126.5,-0.009397024275646038
2015-10-08,126.6,0.0007905138339920903
2015-10-09,132.6,0.04739336492891
2015-10-12,132.8,0.0015082956259429015
2015-10-13,134.7,0.014307228915662495
2015-10-14,134.3,-0.0029695619896064063
2015-10-15,133.0,-0.00967982129560696
2015-10-16,132.5,-0.003759398496240629
2015-10-19,132.3,-0.0015094339622641062
2015-10-20,133.6,0.009826152683295453
2015-10-21,133.2,-0.0029940119760479833
2015-10-22,134.5,0.009759759759759845
2015-10-23,135.0,0.0037174721189590088
2015-10-26,135.7,0.005185185185185182
2015-10-27,133.9,-0.013264554163596065
2015-10-28,136.3,0.017923823749066425
2015-10-29,136.4,0.0007336757153337814
2015-10-30,137.1,0.00513196480938416
2015-11-02,138.3,0.00875273522975939
2015-11-03,138.3,0.0
2015-11-04,137.6,-0.005061460592914124
2015-11-05,139.0,0.010174418604651292
2015-11-06,139.0,0.0
2015-11-09,136.2,-0.020143884892086406
2015-11-10,136.0,-0.001468428781204012
2015-11-11,137.1,0.008088235294117618
2015-11-12,136.5,-0.004376367614879584
2015-11-13,136.0,-0.00366300366300365
2015-11-16,137.3,0.009558823529411953
2015-11-17,139.0,0.012381646030589888
2015-11-18,139.0,0.0
2015-11-19,135.9,-0.022302158273381223
2015-11-20,136.4,0.003679175864606421
2015-11-23,136.7,0.0021994134897358464
2015-11-24,134.4,-0.016825164594001296
2015-11-25,135.5,0.008184523809523725
2015-11-26,136.9,0.010332103321033292
2015-11-27,137.6,0.005113221329437367
2015-11-30,139.1,0.010901162790697638
2015-12-01,138.4,-0.005032350826743248
2015-12-02,139.2,0.005780346820809079
2015-12-03,137.3,-0.013649425287356132
2015-12-04,136.8,-0.0036416605972323657
2015-12-07,137.6,0.005847953216374213
2015-12-08,135.5,-0.015261627906976716
2015-12-09,135.1,-0.002952029520295274
2015-12-10,135.1,0.0
2015-12-11,132.8,-0.017024426350851107
2015-12-14,132.5,-0.0022590361445784524
2015-12-15,135.7,0.024150943396226365
2015-12-16,135.5,-0.0014738393515105752
2015-12-17,135.6,0.0007380073800737907
2015-12-18,134.8,-0.005899705014749124
2015-12-21,133.7,-0.008160237388724179
2015-12-22,134.1,0.0029917726252806087
2015-12-23,135.5,0.01043997017151388
2015-12-28,137.6,0.015498154981549828
2015-12-29,138.5,0.006540697674418672
2015-12-30,137.8,-0.005054151624548697
2016-01-04,134.6,-0.02322206095791013
2016-01-05,136.3,0.012630014858841188
2016-01-06,133.4,-0.021276595744680882
2016-01-07,129.9,-0.026236881559220437
2016-01-08,127.7,-0.016936104695919996
2016-01-11,128.2,0.003915426781519127
2016-01-12,129.4,0.009360374414976835
2016-01-13,131.1,0.013137557959814528
2016-01-14,129.7,-0.010678871090770481
2016-01-15,126.5,-0.024672320740169562
2016-01-18,129.1,0.020553359683794348
2016-01-19,131.6,0.01936483346243212
2016-01-20,126.7,-0.037234042553191404
2016-01-21,127.3,0.0047355958958168465
2016-01-22,130.1,0.021995286724273422
2016-01-25,131.1,0.00768639508070712
2016-01-26,131.7,0.004576659038901587
2016-01-27,132.9,0.009111617312073106
2016-01-28,132.0,-0.006772009029345383
2016-01-29,135.0,0.022727272727272707
2016-02-01,134.9,-0.0007407407407407085
2016-02-02,133.0,-0.014084507042253613
2016-02-03,132.1,-0.006766917293233088
2016-02-04,131.9,-0.0015140045420135584
2016-02-05,132.2,0.0022744503411673556
2016-02-08,128.6,-0.027231467473524895
2016-02-09,128.1,-0.0038880248833592645
2016-02-10,128.0,-0.0007806401249024209
2016-02-11,124.4,-0.028124999999999956
2016-02-12,126.6,0.01768488745980701
2016-02-15,130.8,0.0331753554502372
2016-02-16,130.0,-0.006116207951070374
2016-02-17,131.7,0.013076923076922986
2016-02-18,132.7,0.007593014426727329
2016-02-19,131.6,-0.008289374529012794
2016-02-22,132.6,0.0075987841945288626
2016-02-23,131.6,-0.007541478129713397
2016-02-24,129.1,-0.018996960486322156
2016-02-25,130.0,0.006971340046475705
2016-02-26,130.6,0.004615384615384466
2016-02-29,130.0,-0.004594180704440953
2016-03-01,133.0,0.023076923076922995
2016-03-02,131.4,-0.012030075187969835
2016-03-03,134.6,0.0243531202435312
2016-03-04,135.4,0.005943536404160454
2016-03-07,136.0,0.004431314623338123
2016-03-08,135.1,-0.006617647058823617
2016-03-09,135.5,0.002960769800148144
2016-03-10,133.7,-0.013284132841328455
2016-03-11,135.9,0.016454749439042793
2016-03-14,137.4,0.011037527593819041
2016-03-15,136.9,-0.00363901018922852
2016-03-16,136.9,0.0
2016-03-17,136.3,-0.0043827611395178545
2016-03-18,135.5,-0.005869405722670695
2016-03-21,135.5,0.0
2016-03-22,135.4,-0.0007380073800737907
2016-03-23,135.1,-0.0022156573116691725
2016-03-24,134.8,-0.0022205773501109416
2016-03-29,136.0,0.008902077151335286
2016-03-30,137.1,0.008088235294117618
2016-03-31,136.7,-0.0029175784099197966
2016-04-01,135.4,-0.00950987564008765
2016-04-04,136.4,0.007385524372230501
2016-04-05,134.4,-0.014662756598240456
2016-04-06,134.5,0.0007440476190476719
2016-04-07,135.1,0.004460966542750855
2016-04-08,137.6,0.01850481125092518
2016-04-11,137.9,0.0021802325581397053
2016-04-12,137.2,-0.005076142131979822
2016-04-13,137.6,0.00291545189504383
2016-04-14,137.8,0.0014534883720931369
2016-04-15,137.5,-0.002177068214804123
2016-04-18,136.5,-0.0072727272727273196
2016-04-19,136.6,0.00073260073260073
2016-04-20,141.6,0.03660322108345526
2016-04-21,140.2,-0.009887005649717562
2016-04-22,140.1,-0.0007132667617688604
2016-04-25,139.7,-0.002855103497501843
2016-04-26,140.1,0.0028632784538296097
2016-04-27,139.8,-0.0021413276231262435
2016-04-28,139.5,-0.0021459227467811592
2016-04-29,138.2,-0.00931899641577072
2016-05-02,138.0,-0.0014471780028942893
2016-05-03,137.6,-0.0028985507246377384
2016-05-04,136.4,-0.008720930232558044
2016-05-06,132.0,-0.032258064516129115
2016-05-09,133.8,0.013636363636363669
2016-05-10,134.5,0.00523168908819116
2016-05-11,134.7,0.0014869888475834703
2016-05-12,134.1,-0.00445434298440972
2016-05-13,134.3,0.001491424310216427
2016-05-17,135.6,0.009679821295606628
2016-05-18,135.8,0.001474926253687503
2016-05-19,135.7,-0.0007363770250370383
2016-05-20,137.4,0.012527634487840889
2016-05-23,137.7,0.0021834061135370675
2016-05-24,138.3,0.004357298474945592
2016-05-25,137.8,-0.003615328994938549
2016-05-26,139.5,0.012336719883889513
2016-05-27,139.9,0.0028673835125447855
2016-05-30,139.1,-0.005718370264474748
2016-05-31,139.8,0.005032350826743581
2016-06-01,139.2,-0.0042918454935624295
2016-06-02,139.2,0.0
2016-06-03,138.3,-0.006465517241379115
2016-06-06,138.7,0.002892263195950706
2016-06-07,139.9,0.00865176640230736
2016-06-08,138.1,-0.012866333095068017
2016-06-09,137.4,-0.005068790731354023
2016-06-10,136.2,-0.008733624454148603
2016-06-13,135.4,-0.00587371512481627
2016-06-14,132.8,-0.019202363367799125
2016-06-15,134.4,0.012048192771084265
2016-06-16,133.8,-0.004464285714285698
2016-06-17,133.7,-0.0007473841554560545
2016-06-20,137.6,0.02916978309648477
2016-06-21,136.8,-0.005813953488371992
2016-06-22,137.2,0.0029239766081869956
2016-06-23,138.5,0.009475218658892226
2016-06-24,134.2,-0.031046931407942346
2016-06-27,129.1,-0.03800298062593144
2016-06-28,132.1,0.02323780015491872
2016-06-29,135.2,0.02346707040121121
2016-06-30,136.2,0.007396449704142105
2016-07-01,136.9,0.0051395007342145416
2016-07-04,136.2,-0.0051132213294377005
2016-07-05,133.8,-0.017621145374449143
2016-07-06,132.7,-0.008221225710015156
2016-07-07,134.1,0.010550113036925435
2016-07-08,134.9,0.005965697240865042
2016-07-11,137.4,0.018532246108228234
2016-07-12,137.2,-0.0014556040756915634
2016-07-13,137.6,0.00291545189504383
2016-07-14,137.2,-0.0029069767441860517
2016-07-15,136.2,-0.007288629737609353
2016-07-18,136.6,0.002936857562408246
2016-07-19,136.5,-0.0007320644216690653
2016-07-20,137.5,0.0073260073260073
2016-07-21,136.9,-0.004363636363636347
2016-07-22,136.8,-0.0007304601899196239
2016-07-25,136.8,0.0
2016-07-26,137.2,0.0029239766081869956
2016-07-27,137.5,0.0021865889212828726
2016-07-28,137.1,-0.0029090909090909722
2016-07-29,136.0,-0.008023340627279274
2016-08-02,135.3,-0.0051470588235292825
2016-08-03,134.6,-0.005173688100517548
2016-08-04,135.1,0.003714710252600284
2016-08-05,136.6,0.011102886750555152
2016-08-08,137.0,0.002928257686676483
2016-08-09,138.4,0.010218978102189746
2016-08-10,137.8,-0.00433526011560692
2016-08-11,138.0,0.0014513788098693414
2016-08-12,139.7,0.01231884057971011
2016-08-15,139.3,-0.0028632784538294986
2016-08-16,138.2,-0.00789662598707841
2016-08-17,137.1,-0.007959479015918869
2016-08-18,138.3,0.00875273522975939
2016-08-19,137.8,-0.003615328994938549
2016-08-22,137.8,0.0
2016-08-23,138.6,0.005805515239477366
2016-08-24,139.4,0.005772005772005873
2016-08-25,138.7,-0.0050215208034434244
2016-08-26,139.1,0.002883922134102379
2016-08-29,139.0,-0.0007189072609632419
2016-08-30,138.7,-0.0021582733812950394
2016-08-31,137.3,-0.010093727469358216
2016-09-01,137.3,0.0
2016-09-02,140.0,0.01966496722505462
2016-09-05,140.0,0.0
2016-09-06,139.8,-0.0014285714285713347
2016-09-07,140.0,0.0014306151645206988
2016-09-08,140.7,0.004999999999999893
2016-09-09,139.9,-0.005685856432124936
2016-09-12,139.3,-0.0042887776983558945
2016-09-13,138.8,-0.003589375448671883
2016-09-14,139.0,0.0014409221902016434
2016-09-15,140.0,0.007194244604316502
2016-09-16,138.9,-0.007857142857142785
2016-09-19,140.3,0.010079193664506825
2016-09-20,140.4,0.0007127583749109156
2016-09-21,139.3,-0.007834757834757844
2016-09-22,141.0,0.01220387652548438
2016-09-23,140.7,-0.0021276595744681437
2016-09-26,139.1,-0.011371712864250094
2016-09-27,140.1,0.007189072609633307
2016-09-28,140.7,0.004282655246252709
2016-09-29,140.5,-0.001421464108031234
2016-09-30,141.0,0.003558718861210064
2016-10-03,141.1,0.0007092198581559739
2016-10-04,143.9,0.019844082211197822
2016-10-05,141.5,-0.01667824878387769
2016-10-06,140.3,-0.008480565371024706
2016-10-07,138.7,-0.01140413399857465
2016-10-10,139.3,0.00432588320115368
2016-10-11,138.7,-0.004307250538406526
2016-10-12,138.0,-0.005046863734679108
2016-10-13,136.5,-0.010869565217391353
2016-10-14,138.1,0.01172161172161168
2016-10-17,137.2,-0.00651701665459814
2016-10-18,133.6,-0.026239067055393583
2016-10-19,133.9,0.002245508982035904
2016-10-20,133.4,-0.0037341299477221535
2016-10-21,135.0,0.011994002998500619
2016-10-24,134.4,-0.004444444444444362
2016-10-25,135.0,0.004464285714285587
2016-10-26,134.3,-0.0051851851851850705
2016-10-27,134.5,0.0014892032762470198
2016-10-28,133.7,-0.005947955390334658
2016-10-31,134.2,0.0037397157816005944
2016-11-01,134.1,-0.0007451564828613311
2016-11-02,132.3,-0.013422818791946178
2016-11-03,132.7,0.003023431594860071
2016-11-04,131.8,-0.006782215523737589
2016-11-07,133.0,0.009104704097116834
2016-11-08,133.4,0.003007518796992459
2016-11-09,129.5,-0.029235382308845592
2016-11-10,128.4,-0.008494208494208455
2016-11-11,126.4,-0.015576323987538943
2016-11-14,126.1,-0.002373417721519111
2016-11-15,126.9,0.0063441712926251
2016-11-16,126.8,-0.0007880220646179215
2016-11-17,128.0,0.009463722397476282
2016-11-18,129.2,0.009374999999999911
2016-11-21,128.5,-0.005417956656346701
2016-11-22,127.3,-0.009338521400778177
2016-11-23,129.7,0.01885310290651998
2016-11-24,129.1,-0.004626060138781751
2016-11-25,130.6,0.01161890007745936
2016-11-28,130.9,0.0022970903522205877
2016-11-29,132.3,0.010695187165775444
2016-11-30,132.8,0.0037792894935753107
2016-12-01,131.1,-0.012801204819277268
2016-12-02,131.4,0.0022883295194509046
2016-12-05,131.7,0.0022831050228309113
2016-12-06,133.0,0.009870918754745661
2016-12-07,132.4,-0.004511278195488688
2016-12-08,132.1,-0.0022658610271903967
2016-12-09,133.9,0.013626040878122803
2016-12-12,133.2,-0.00522778192681117
2016-12-13,134.9,0.012762762762762891
2016-12-14,134.6,-0.002223869532987477
2016-12-15,135.5,0.006686478454680511
2016-12-16,135.1,-0.002952029520295274
2016-12-19,135.4,0.0022205773501111636
2016-12-20,134.7,-0.005169867060561439
2016-12-21,134.1,-0.00445434298440972
2016-12-22,134.2,0.0007457121551079915
2016-12-23,134.9,0.005216095380029984
2016-12-27,135.6,0.005189028910303817
2016-12-28,135.5,-0.0007374631268436405
2016-12-29,135.4,-0.0007380073800737907
2016-12-30,134.6,-0.005908419497784423
2017-01-03,135.6,0.007429420505200568
2017-01-04,135.0,-0.004424778761061954
2017-01-05,135.8,0.005925925925926112
2017-01-06,136.0,0.0014727540500736325
2017-01-09,135.6,-0.002941176470588225
2017-01-10,134.5,-0.008112094395280156
2017-01-11,135.2,0.005204460966542701
2017-01-12,134.0,-0.008875739644970349
2017-01-13,134.7,0.0052238805970148405
2017-01-16,133.8,-0.006681514476614581
2017-01-17,132.8,-0.007473841554558991
2017-01-18,133.2,0.0030120481927708997
2017-01-19,133.7,0.0037537537537537524
2017-01-20,132.9,-0.005983545250560884
2017-01-23,133.5,0.004514672686230181
2017-01-24,133.8,0.0022471910112360494
2017-01-25,135.4,0.01195814648729443
2017-01-26,135.9,0.0036927621861151394
2017-01-27,134.9,-0.00735835172921262
2017-01-30,134.2,-0.005189028910304039
2017-01-31,134.8,0.0044709388971686526
2017-02-01,135.0,0.0014836795252224366
2017-02-02,135.0,0.0
2017-02-03,135.1,0.0007407407407407085
2017-02-06,134.7,-0.002960769800148033
2017-02-07,135.8,0.008166295471418117
2017-02-08,135.5,-0.0022091310751105597
2017-02-09,136.9,0.010332103321033292
2017-02-10,138.0,0.008035062089116085
2017-02-13,138.9,0.006521739130434856
2017-02-14,138.3,-0.004319654427645703
2017-02-15,138.8,0.003615328994938549
2017-02-16,138.6,-0.0014409221902018654
2017-02-17,139.5,0.006493506493506551
2017-02-20,140.2,0.00501792114695343
2017-02-21,140.9,0.004992867332382467
2017-02-22,141.8,0.0063875088715401596
2017-02-23,142.8,0.007052186177715081
2017-02-24,141.5,-0.009103641456582712
2017-02-27,142.1,0.004240282685512353
2017-02-28,143.0,0.006333567909922566
2017-03-01,139.4,-0.025174825174825166
2017-03-02,140.4,0.007173601147776099
2017-03-03,140.2,-0.0014245014245015675
2017-03-06,140.2,0.0
2017-03-07,140.1,-0.0007132667617688604
2017-03-08,140.5,0.002855103497501732
2017-03-09,140.1,-0.002846975088968029
2017-03-10,140.6,0.0035688793718773315
2017-03-13,139.7,-0.006401137980085347
2017-03-14,140.1,0.0028632784538296097
2017-03-15,139.8,-0.0021413276231262435
2017-03-16,141.5,0.012160228898426162
2017-03-17,143.5,0.014134275618374659
2017-03-20,142.0,-0.010452961672473893
2017-03-21,141.2,-0.005633802816901512
2017-03-22,139.0,-0.015580736543909235
2017-03-23,140.4,0.010071942446043147
2017-03-24,140.5,0.0007122507122505617
2017-03-27,139.1,-0.009964412811387935
2017-03-28,139.0,-0.0007189072609632419
2017-03-29,139.1,0.0007194244604316058
2017-03-30,140.8,0.012221423436376888
2017-03-31,141.5,0.004971590909090828
2017-04-03,140.5,-0.007067137809187329
2017-04-04,140.7,0.001423487544483848
2017-04-05,141.7,0.007107320540156392
2017-04-06,142.7,0.007057163020465884
2017-04-07,142.1,-0.0042046250875963365
2017-04-10,143.8,0.011963406052076131
2017-04-11,144.1,0.0020862308762168436
2017-04-12,146.6,0.017349063150589927
2017-04-13,147.1,0.003410641200545683
2017-04-18,146.5,-0.004078857919782464
2017-04-19,146.1,-0.0027303754266212454
2017-04-20,146.4,0.002053388090349051
2017-04-21,145.8,-0.004098360655737654
2017-04-24,147.6,0.012345679012345512
2017-04-25,148.2,0.00406504065040636
2017-04-26,149.2,0.006747638326585648
2017-04-27,150.0,0.00536193029490617
2017-04-28,150.4,0.002666666666666595
2017-05-02,154.2,0.025265957446808374
2017-05-03,153.6,-0.0038910505836575737
2017-05-04,155.1,0.009765625
2017-05-05,154.9,-0.0012894906511926596
2017-05-08,155.9,0.006455777921239525
2017-05-09,154.6,-0.00833867864015403
2017-05-10,155.9,0.008408796895213566
2017-05-11,150.1,-0.037203335471456156
2017-05-12,151.9,0.011992005329780175
2017-05-15,152.0,0.0006583278472678256
2017-05-16,152.9,0.005921052631578938
2017-05-17,151.1,-0.011772400261608973
2017-05-18,150.9,-0.001323626737260053
2017-05-19,153.5,0.01722995361166335
2017-05-22,155.3,0.011726384364820985
2017-05-23,155.7,0.0025756600128781226
2017-05-24,156.0,0.0019267822736031004
2017-05-26,156.5,0.0032051282051281937
2017-05-29,155.7,-0.0051118210862620694
2017-05-30,155.4,-0.0019267822736029894
2017-05-31,156.3,0.005791505791505891
2017-06-01,156.6,0.0019193857965449368
2017-06-02,157.6,0.0063856960408683605
2017-06-06,157.2,-0.002538071065989911
2017-06-07,157.7,0.0031806615776082126
2017-06-08,156.6,-0.0069752694990488084
2017-06-09,159.1,0.015964240102171123
2017-06-12,157.7,-0.008799497171590231
2017-06-13,157.9,0.0012682308180089752
2017-06-14,158.4,0.0031665611146294292
2017-06-15,157.4,-0.0063131313131312705
2017-06-16,157.8,0.0025412960609911828
2017-06-19,158.2,0.0025348542458807355
2017-06-20,157.3,-0.0056890012642223375
2017-06-21,157.5,0.0012714558169102386
2017-06-22,157.9,0.0025396825396826195
2017-06-23,157.6,-0.0018999366687777464
2017-06-26,159.0,0.008883248730964466
2017-06-27,159.1,0.0006289308176099517
2017-06-28,158.6,-0.00314267756128217
2017-06-29,158.2,-0.0025220680958386588
2017-06-30,160.0,0.01137800252844512
2017-07-03,160.2,0.0012499999999999734
2017-07-04,160.3,0.0006242197253434334
2017-07-05,160.6,0.0018714909544603753
2017-07-06,158.8,-0.011207970112079635
2017-07-07,160.0,0.007556675062972307
2017-07-10,159.5,-0.0031250000000000444
2017-07-11,159.8,0.0018808777429468737
2017-07-12,161.6,0.01126408010012514
2017-07-13,160.0,-0.00990099009900991
2017-07-14,161.0,0.006250000000000089
2017-07-17,162.3,0.008074534161490732
2017-07-18,167.8,0.033887861983980194
2017-07-19,169.4,0.009535160905840279
2017-07-20,168.0,-0.008264462809917439
2017-07-21,167.2,-0.004761904761904856
2017-07-24,163.7,-0.020933014354067025
2017-07-25,164.3,0.0036652412950519686
2017-07-26,165.3,0.0060864272671941055
2017-07-27,166.9,0.009679370840895318
2017-07-28,167.5,0.0035949670461352667
2017-07-31,168.4,0.005373134328358287
2017-08-02,172.1,0.02197149643705454
2017-08-03,171.1,-0.005810575246949501
2017-08-04,171.9,0.004675628287551303
2017-08-07,171.5,-0.0023269342641070168
2017-08-08,172.0,0.00291545189504383
2017-08-09,169.4,-0.015116279069767424
2017-08-10,167.3,-0.012396694214875992
2017-08-11,166.7,-0.0035863717872087753
2017-08-14,169.4,0.016196760647870567
2017-08-15,169.2,-0.0011806375442739991
2017-08-16,170.9,0.010047281323877222
2017-08-17,169.8,-0.0064365125804564105
2017-08-18,168.6,-0.007067137809187329
2017-08-21,168.9,0.001779359430605032
2017-08-22,170.4,0.008880994671403242
2017-08-23,170.4,0.0
2017-08-24,169.9,-0.002934272300469498
2017-08-25,169.7,-0.0011771630370807085
2017-08-28,169.2,-0.0029463759575721893
2017-08-29,167.8,-0.008274231678486843
2017-08-30,170.8,0.017878426698450633
2017-08-31,173.7,0.016978922716627487
2017-09-01,172.7,-0.005757052389176787
2017-09-04,171.5,-0.00694846554719164
2017-09-05,172.0,0.00291545189504383
2017-09-06,171.0,-0.005813953488372103
2017-09-07,173.2,0.012865497076023358
2017-09-08,174.0,0.004618937644341958
2017-09-11,175.8,0.010344827586207028
2017-09-12,175.1,-0.003981797497155992
2017-09-13,175.4,0.0017133066818961762
2017-09-14,176.8,0.007981755986317118
2017-09-15,174.1,-0.01527149321266974
2017-09-18,175.4,0.0074669730040206606
2017-09-19,175.5,0.0005701254275940482
2017-09-20,177.0,0.008547008547008517
2017-09-21,179.7,0.015254237288135464
2017-09-22,179.7,0.0
2017-09-25,180.4,0.003895381190873737
2017-09-26,178.4,-0.011086474501108667
2017-09-27,177.9,-0.002802690582959677
2017-09-28,179.4,0.008431703204047292
2017-09-29,179.3,-0.0005574136008917874
2017-10-02,180.5,0.006692693809258188
2017-10-03,180.6,0.0005540166204984764
2017-10-04,179.0,-0.008859357696566983
2017-10-05,179.0,0.0
2017-10-06,176.2,-0.015642458100558754
2017-10-09,177.0,0.004540295119182858
2017-10-10,177.2,0.001129943502824693
2017-10-11,176.0,-0.006772009029345272
2017-10-12,177.2,0.006818181818181834
2017-10-13,177.5,0.0016930022573364845
2017-10-16,170.0,-0.04225352112676062
2017-10-17,168.2,-0.010588235294117676
2017-10-18,169.6,0.00832342449464929
2017-10-19,167.4,-0.01297169811320753
2017-10-20,167.4,0.0
2017-10-23,170.0,0.015531660692950977
2017-10-24,169.6,-0.0023529411764706687
2017-10-25,169.7,0.000589622641509413
2017-10-26,172.8,0.018267530936947773
2017-10-27,172.4,-0.0023148148148148806
2017-10-30,172.9,0.0029002320185613772
2017-10-31,174.2,0.007518796992481036
2017-11-01,173.3,-0.005166475315728891
2017-11-02,172.9,-0.00230813618003467
2017-11-03,173.5,0.003470213996529692
2017-11-06,172.7,-0.004610951008645614
2017-11-07,171.3,-0.008106543138390099
2017-11-08,172.6,0.007589025102159752
2017-11-09,170.6,-0.011587485515643148
2017-11-10,170.1,-0.0029308323563892458
2017-11-13,169.5,-0.003527336860670194
2017-11-14,169.5,0.0
2017-11-15,169.3,-0.0011799410029498247
2017-11-16,170.6,0.007678676904902426
2017-11-17,168.9,-0.009964830011723214
2017-11-20,171.4,0.014801657785671996
2017-11-21,170.5,-0.0052508751458576475
2017-11-22,168.6,-0.011143695014662836
2017-11-23,168.8,0.0011862396204034287
2017-11-24,169.4,0.0035545023696681444
2017-11-27,169.0,-0.0023612750885478873
2017-11-28,170.6,0.00946745562130169
2017-11-29,171.1,0.0029308323563892458
2017-11-30,172.8,0.009935710111046214
2017-12-01,170.0,-0.01620370370370372
2017-12-04,173.1,0.018235294117647127
2017-12-05,174.3,0.006932409012131879
2017-12-06,173.4,-0.005163511187607606
2017-12-07,173.1,-0.0017301038062284002
2017-12-08,173.2,0.0005777007510110455
2017-12-11,172.5,-0.004041570438799047
2017-12-12,172.9,0.002318840579710102
2017-12-13,172.6,-0.001735106998264957
2017-12-14,173.3,0.004055619930475096
2017-12-15,173.9,0.0034622042700518385
2017-12-18,174.4,0.002875215641173101
2017-12-19,172.8,-0.00917431192660545
2017-12-20,170.3,-0.01446759259259256
2017-12-21,170.7,0.0023487962419259656
2017-12-22,171.3,0.0035149384885766466
2017-12-27,172.9,0.009340338587273678
2017-12-28,173.1,0.0011567379988433046
2017-12-29,172.5,-0.0034662045060658286
2018-01-03,174.25,0.010144927536231974
2018-01-04,176.55,0.013199426111908164
2018-01-05,178.2,0.009345794392523255
2018-01-08,178.5,0.0016835016835017313
2018-01-09,181.2,0.015126050420168013
2018-01-10,178.75,-0.013520971302428242
2018-01-11,178.3,-0.0025174825174824056
2018-01-12,178.65,0.0019629837352774793
2018-01-15,177.9,-0.004198152812762368
2018-01-16,177.0,-0.005059021922428353
2018-01-17,176.35,-0.0036723163841808626
2018-01-18,176.4,0.00028352707683598766
2018-01-19,176.6,0.0011337868480725266
2018-01-22,176.3,-0.001698754246885481
2018-01-23,176.15,-0.0008508224617129745
2018-01-24,175.6,-0.0031223389156969095
2018-01-25,172.8,-0.015945330296127436
2018-01-26,171.95,-0.004918981481481621
2018-01-29,171.15,-0.004652515266065582
2018-01-30,170.65,-0.0029214139643587433
2018-01-31,170.9,0.0014649868151186407
2018-02-01,170.35,-0.0032182562902283163
2018-02-02,167.55,-0.01643674787202809
2018-02-05,164.55,-0.017905102954342
2018-02-06,162.5,-0.012458219386204838
2018-02-07,165.5,0.01846153846153853
2018-02-08,160.6,-0.02960725075528703
2018-02-09,159.65,-0.005915317559153088
2018-02-12,161.4,0.010961478233636024
2018-02-13,159.65,-0.010842627013630701
2018-02-14,161.35,0.010648293141246379
2018-02-15,162.65,0.00805701890300603
2018-02-16,165.3,0.01629265293575166
2018-02-19,164.1,-0.007259528130671655
2018-02-20,164.3,0.0012187690432663434
2018-02-21,164.25,-0.000304321363359783
2018-02-22,163.3,-0.005783866057838538
2018-02-23,163.25,-0.00030618493570122585
2018-02-26,163.9,0.003981623277182322
2018-02-27,162.8,-0.006711409395973145
2018-02-28,154.7,-0.0497542997542999
2018-03-01,152.05,-0.017129928894634605
2018-03-02,149.05,-0.019730351857941475
2018-03-05,150.25,0.00805098960080497
2018-03-06,150.25,0.0
2018-03-07,148.7,-0.010316139767055033
2018-03-08,149.7,0.00672494956287828
2018-03-09,149.55,-0.0010020040080158665
2018-03-12,149.2,-0.0023403543965230256
2018-03-13,148.2,-0.006702412868632712
2018-03-14,148.1,-0.0006747638326585204
2018-03-15,148.4,0.002025658338960179
2018-03-16,147.15,-0.008423180592991963
2018-03-19,146.7,-0.003058103975535298
2018-03-20,146.7,0.0
2018-03-21,145.55,-0.007839127471029106
2018-03-22,144.75,-0.005496392992099031
2018-03-23,144.15,-0.004145077720207224
2018-03-26,144.75,0.004162330905306932
2018-03-27,146.75,0.013816925734024155
2018-03-28,148.2,0.009880749574105563
2018-03-29,150.3,0.014170040485830038
2018-04-03,148.5,-0.011976047904191711
2018-04-04,148.7,0.0013468013468012074
2018-04-05,151.1,0.01613987895090796
2018-04-06,149.85,-0.008272667107875553
2018-04-09,150.85,0.006673340006673412
2018-04-10,150.6,-0.0016572754391780409
2018-04-11,149.65,-0.006308100929614757
2018-04-12,151.05,0.00935516204477116
2018-04-13,152.4,0.00893743793445867
2018-04-16,152.4,0.0
2018-04-17,152.5,0.0006561679790026975
2018-04-18,152.1,-0.0026229508196721207
2018-04-19,152.1,0.0
2018-04-20,153.0,0.00591715976331364
2018-04-23,154.7,0.011111111111111072
2018-04-24,156.5,0.011635423400129463
2018-04-25,153.45,-0.01948881789137391
2018-04-26,154.55,0.007168458781362075
2018-04-27,153.65,-0.005823358136525458
2018-04-30,155.0,0.008786202408070265
2018-05-02,156.55,0.010000000000000009
2018-05-03,156.15,-0.0025550942190993853
2018-05-04,154.5,-0.01056676272814605
2018-05-07,156.2,0.011003236245954673
2018-05-08,156.7,0.003201024327784907
2018-05-09,156.55,-0.0009572431397573133
2018-05-11,153.8,-0.017566272756307844
2018-05-14,153.6,-0.0013003901170351995
2018-05-15,154.05,0.002929687500000222
2018-05-16,152.75,-0.008438818565400963
2018-05-17,152.0,-0.004909983633387904
2018-05-18,151.2,-0.0052631578947369695
2018-05-22,152.1,0.005952380952380931
2018-05-23,150.9,-0.007889546351084742
2018-05-24,149.75,-0.007620941020543448
2018-05-25,151.05,0.008681135225375725
2018-05-28,152.3,0.00827540549486927
2018-05-29,150.2,-0.013788575180564866
2018-05-30,149.85,-0.0023302263648468102
2018-05-31,148.6,-0.008341675008341709
2018-06-01,150.35,0.011776581426648614
2018-06-04,152.25,0.01263717991353519
2018-06-05,151.9,-0.0022988505747125743
2018-06-06,152.35,0.002962475312705548
2018-06-07,153.1,0.004922874958976031
2018-06-08,152.35,-0.004898758981058182
2018-06-11,151.25,-0.0072202166064981865
2018-06-12,152.9,0.01090909090909098
2018-06-13,152.55,-0.00228907782864618
2018-06-14,153.65,0.007210750573582336
2018-06-15,152.65,-0.006508298080052044
2018-06-18,151.0,-0.010809040288241145
2018-06-19,146.35,-0.030794701986755046
2018-06-20,148.7,0.01605739665186201
2018-06-21,148.5,-0.0013449899125755893
2018-06-22,149.15,0.004377104377104368
2018-06-25,149.55,0.002681863895407366
2018-06-26,149.0,-0.0036776997659646593
2018-06-27,150.25,0.008389261744966348
2018-06-28,149.65,-0.003993344425956669
2018-06-29,149.2,-0.003007016371533666
2018-07-02,147.45,-0.011729222520107219
2018-07-03,150.6,0.021363173957273718
2018-07-04,150.15,-0.0029880478087648266
2018-07-05,150.5,0.002331002331002363
2018-07-06,149.8,-0.0046511627906975495
2018-07-09,152.65,0.019025367156208173
2018-07-10,153.35,0.0045856534556174555
2018-07-11,149.35,-0.026084121291163997
2018-07-12,149.8,0.003013056578506923
2018-07-13,152.25,0.01635514018691575
2018-07-16,151.4,-0.005582922824302061
2018-07-17,154.8,0.022457067371202122
2018-07-18,155.15,0.002260981912144633
2018-07-19,154.95,-0.00128907508862397
2018-07-20,153.35,-0.010325911584382008
2018-07-23,154.7,0.008803390935767874
2018-07-24,153.7,-0.006464124111182912
2018-07-25,152.95,-0.004879635653871173
2018-07-26,155.8,0.018633540372670954
2018-07-27,155.75,-0.0003209242618742447
2018-07-30,155.85,0.0006420545746388395
2018-07-31,158.35,0.01604106512672443
2018-08-02,158.15,-0.001263024944742619
2018-08-03,159.55,0.008852355358836661
2018-08-06,159.5,-0.0003133813851458056
2018-08-07,159.5,0.0
2018-08-08,159.9,0.0025078369905957576
2018-08-09,158.6,-0.008130081300813052
2018-08-10,157.3,-0.008196721311475308
2018-08-13,156.95,-0.002225047679593306
2018-08-14,156.8,-0.0009557183816500947
2018-08-15,155.8,-0.0063775510204081565
2018-08-16,157.5,0.010911424903722544
2018-08-17,157.95,0.0028571428571428914
2018-08-20,160.2,0.014245014245014342
2018-08-21,161.15,0.005930087390761729
2018-08-22,161.95,0.00496431895749283
2018-08-23,161.25,-0.004322321704229637
2018-08-24,160.45,-0.004961240310077608
2018-08-27,161.2,0.004674353381115548
2018-08-28,160.9,-0.0018610421836227076
2018-08-29,160.6,-0.0018645121193288094
2018-08-30,157.85,-0.017123287671232834
2018-08-31,156.5,-0.008552423186569458
2018-09-03,155.9,-0.003833865814696469
2018-09-04,156.45,0.003527902501603508
2018-09-05,154.5,-0.012464046021092967
2018-09-06,155.4,0.005825242718446644
2018-09-07,155.1,-0.0019305019305020377
2018-09-10,156.8,0.010960670535138828
2018-09-11,155.35,-0.009247448979591955
2018-09-12,155.5,0.0009655616350177088
2018-09-13,154.95,-0.0035369774919614683
2018-09-14,154.6,-0.0022587931590835053
2018-09-17,153.95,-0.004204398447606783
2018-09-18,153.55,-0.0025982461838257587
2018-09-19,153.0,-0.003581895148160319
2018-09-20,151.7,-0.008496732026143872
2018-09-21,152.45,0.004943968358602557
2018-09-24,151.2,-0.008199409642505762
2018-09-25,153.8,0.01719576719576743
2018-09-26,154.2,0.002600780234070177
2018-09-27,154.15,-0.0003242542153046868
2018-09-28,155.5,0.008757703535517303
2018-10-01,154.7,-0.005144694533762095
2018-10-02,153.8,-0.0058177117000645096
2018-10-03,148.5,-0.034460338101430454
2018-10-04,146.7,-0.0121212121212122
2018-10-05,146.05,-0.004430811179277239
2018-10-08,144.2,-0.012666894899007297
2018-10-09,146.9,0.018723994452150006
2018-10-10,141.75,-0.0350578624914909
2018-10-11,141.75,0.0
2018-10-12,142.85,0.007760141093474449
2018-10-15,141.7,-0.00805040252012601
2018-10-16,143.1,0.009880028228652193
2018-10-17,143.55,0.003144654088050425
2018-10-18,135.0,-0.05956112852664586
2018-10-19,134.4,-0.004444444444444362
2018-10-22,135.15,0.005580357142857206
2018-10-23,132.0,-0.023307436182020025
2018-10-24,133.1,0.008333333333333304
2018-10-25,136.4,0.024793388429752206
2018-10-26,135.75,-0.004765395894428148
2018-10-29,138.3,0.01878453038674044
2018-10-30,138.2,-0.0007230657989878431
2018-10-31,140.1,0.01374819102749636
2018-11-01,139.3,-0.005710206995003464
2018-11-02,138.95,-0.002512562814070529
2018-11-05,137.05,-0.013673983447282989
2018-11-06,136.95,-0.0007296607077710293
2018-11-07,138.9,0.01423877327491807
2018-11-08,138.35,-0.0039596832253420144
2018-11-09,137.85,-0.003614022406938977
2018-11-12,133.7,-0.03010518679724339
2018-11-13,133.5,-0.0014958863126401933
2018-11-14,132.5,-0.0074906367041198685
2018-11-15,130.85,-0.012452830188679265
2018-11-16,130.7,-0.0011463507833398001
2018-11-19,130.0,-0.00535577658760511
2018-11-20,131.3,0.010000000000000009
2018-11-21,132.95,0.012566641279512458
2018-11-22,133.85,0.0067694622038361185
2018-11-23,138.85,0.03735524841240201
2018-11-26,141.75,0.020885848037450527
2018-11-27,141.4,-0.0024691358024691024
2018-11-28,142.25,0.00601131541725608
2018-11-29,142.1,-0.0010544815465729496
2018-11-30,140.5,-0.011259676284306797
2018-12-03,142.5,0.014234875444839812
2018-12-04,140.95,-0.010877192982456263
2018-12-05,139.2,-0.012415750266051795
2018-12-06,134.85,-0.03125
2018-12-07,135.25,0.0029662588060808126
2018-12-10,132.25,-0.02218114602587795
2018-12-11,130.8,-0.01096408317580333
2018-12-12,132.25,0.011085626911314872
2018-12-13,132.4,0.0011342155009452792
2018-12-14,131.8,-0.004531722054380571
2018-12-17,129.05,-0.020864946889226132
2018-12-18,126.85,-0.017047655947307394
2018-12-19,124.9,-0.015372487189593942
2018-12-20,122.8,-0.016813450760608584
2018-12-21,128.5,0.04641693811074932
2018-12-27,125.5,-0.023346303501945553
2018-12-28,126.35,0.00677290836653377
2019-01-03,125.5,-0.006727344677483149
2019-01-04,128.7,0.02549800796812729
2019-01-07,129.5,0.006216006216006376
2019-01-08,131.0,0.01158301158301156
2019-01-09,131.5,0.003816793893129722
2019-01-10,132.45,0.007224334600760329
2019-01-11,130.8,-0.012457531143827638
2019-01-14,128.7,-0.016055045871559814
2019-01-15,128.0,-0.005439005439005329
2019-01-16,131.95,0.03085937499999991
2019-01-17,132.45,0.0037893141341416303
2019-01-18,135.25,0.021140052850132207
2019-01-21,134.85,-0.0029574861367838157
2019-01-22,133.75,-0.008157211716722235
2019-01-23,134.25,0.0037383177570093906
2019-01-24,133.25,-0.007448789571694592
2019-01-25,133.25,0.0
2019-01-28,132.95,-0.00225140712945604
2019-01-29,133.6,0.0048890560361039
2019-01-30,134.55,0.007110778443113919
2019-01-31,134.4,-0.0011148272017837968
2019-02-01,135.6,0.008928571428571397
2019-02-04,134.0,-0.01179941002949847
2019-02-05,136.75,0.020522388059701413
2019-02-06,136.25,-0.003656307129798919
2019-02-07,134.15,-0.015412844036697182
2019-02-08,133.0,-0.008572493477450704
2019-02-11,134.45,0.010902255639097636
2019-02-12,136.35,0.01413164745258455
2019-02-13,136.25,-0.0007334066740006806
2019-02-14,137.6,0.009908256880733823
2019-02-15,138.4,0.005813953488372103
2019-02-18,138.6,0.0014450867052022698
2019-02-19,137.1,-0.010822510822510845
2019-02-20,138.95,0.013493800145878865
2019-02-21,137.7,-0.008996041741633709
2019-02-22,138.1,0.002904865649963728
2019-02-25,138.0,-0.0007241129616220032
2019-02-26,139.45,0.010507246376811441
2019-02-27,129.4,-0.07206884187880946
2019-02-28,130.25,0.006568778979907153
2019-03-01,131.75,0.011516314779270731
2019-03-04,132.75,0.007590132827324458
2019-03-05,133.6,0.006403013182674222
2019-03-06,135.05,0.010853293413173759
2019-03-07,130.55,-0.033320992225101764
2019-03-08,130.4,-0.0011489850631942744
2019-03-11,130.65,0.0019171779141105016
2019-03-12,131.85,0.00918484500574035
2019-03-13,132.0,0.0011376564277587597
2019-03-14,136.1,0.03106060606060601
2019-03-15,138.0,0.013960323291697385
2019-03-18,136.7,-0.009420289855072594
2019-03-19,139.0,0.01682516459400163
2019-03-20,136.9,-0.015107913669064721
2019-03-21,136.1,-0.005843681519357324
2019-03-22,134.0,-0.01542983100661277
2019-03-25,132.8,-0.008955223880596885
2019-03-26,134.2,0.010542168674698704
2019-03-27,134.8,0.0044709388971686526
2019-03-28,133.9,-0.00667655786350152
2019-03-29,136.6,0.020164301717699784
2019-04-01,138.25,0.012079062957540243
2019-04-02,140.15,0.013743218806510082
2019-04-03,141.7,0.011059579022475896
2019-04-04,141.15,-0.003881439661256092
2019-04-05,142.45,0.009210060219624339
2019-04-08,141.55,-0.006318006318006164
2019-04-09,141.85,0.0021193924408335896
2019-04-10,142.8,0.006697215368346887
2019-04-11,143.1,0.0021008403361342243
2019-04-12,142.95,-0.0010482180293501786
2019-04-15,144.6,0.011542497376705096
2019-04-16,145.4,0.0055325034578146415
2019-04-17,144.95,-0.0030949105914719333
2019-04-18,145.35,0.0027595722662987487
2019-04-23,145.9,0.0037839697282422424
2019-04-24,143.0,-0.019876627827278948
2019-04-25,148.5,0.03846153846153855
2019-04-26,148.4,-0.0006734006734006037
2019-04-29,148.45,0.00033692722371947426
2019-04-30,148.05,-0.002694509936005285
2019-05-02,147.5,-0.0037149611617697254
2019-05-03,147.45,-0.0003389830508475633
2019-05-06,143.6,-0.02611054594777884
2019-05-07,143.2,-0.002785515320334331
2019-05-08,142.5,-0.004888268156424513
2019-05-09,135.2,-0.05122807017543862
2019-05-10,135.9,0.005177514792899629
2019-05-13,133.0,-0.021339220014716775
2019-05-14,132.8,-0.0015037593984961184
2019-05-15,132.9,0.0007530120481926694
2019-05-16,133.8,0.006772009029345494
2019-05-17,134.0,0.001494768310911665
2019-05-20,131.45,-0.01902985074626873
2019-05-21,133.95,0.01901863826550021
2019-05-22,134.4,0.0033594624860022737
2019-05-23,132.95,-0.010788690476190577
2019-05-24,131.5,-0.01090635577284682
2019-05-27,131.5,0.0
2019-05-28,131.6,0.0007604562737641984
2019-05-29,131.6,0.0
2019-05-31,133.15,0.011778115501519748
2019-06-03,132.05,-0.008261359369132526
2019-06-04,131.8,-0.0018932222642937813
2019-06-05,132.8,0.007587253414264028
2019-06-06,132.9,0.0007530120481926694
2019-06-07,135.35,0.01843491346877335
2019-06-11,135.45,0.0007388252678242058
2019-06-12,134.0,-0.010705057216685021
2019-06-13,134.45,0.0033582089552237626
2019-06-14,134.0,-0.0033469691335068497
2019-06-17,134.0,0.0
2019-06-18,135.4,0.010447761194029903
2019-06-19,137.6,0.01624815361890697
2019-06-20,137.0,-0.0043604651162790775
2019-06-21,137.2,0.0014598540145984717
2019-06-24,138.5,0.009475218658892226
2019-06-25,137.9,-0.0043321299638988675
2019-06-26,138.85,0.006889050036258171
2019-06-27,139.95,0.00792221822110184
2019-06-28,144.9,0.03536977491961424
2019-07-01,144.6,-0.0020703933747412417
2019-07-02,144.15,-0.003112033195020625
2019-07-03,144.6,0.003121748178980255
2019-07-04,145.1,0.003457814661134151
2019-07-05,144.0,-0.007580978635423841
2019-07-08,144.25,0.0017361111111111605
2019-07-09,143.0,-0.008665511265164683
2019-07-10,142.95,-0.00034965034965039887
2019-07-11,143.1,0.0010493179433368471
2019-07-12,143.15,0.0003494060097835039
2019-07-15,142.9,-0.0017464198393293273
2019-07-16,143.95,0.007347795661301504
2019-07-17,144.6,0.004515456755818104
2019-07-18,144.8,0.0013831258644538824
2019-07-19,145.55,0.005179558011049634
2019-07-22,145.0,-0.0037787701820680697
2019-07-23,150.3,0.036551724137931174
2019-07-24,147.95,-0.015635395874917024
2019-07-25,148.85,0.006083136194660499
2019-07-26,147.95,-0.00604635539133358
2019-07-29,148.7,0.005069280162216971
2019-07-30,146.7,-0.01344989912575656
2019-07-31,146.75,0.00034083162917530885
2019-08-02,144.15,-0.01771720613287897
2019-08-05,140.9,-0.02254595907041279
2019-08-06,141.85,0.006742370475514514
2019-08-07,142.5,0.004582305252026853
2019-08-08,143.5,0.007017543859649145
2019-08-09,141.05,-0.01707317073170722
2019-08-12,139.95,-0.0077986529599434196
2019-08-13,141.0,0.007502679528403
2019-08-14,138.5,-0.01773049645390068
2019-08-15,138.3,-0.0014440433212995485
2019-08-16,139.0,0.005061460592913791
2019-08-19,140.75,0.012589928057553879
2019-08-20,138.7,-0.014564831261101308
2019-08-21,139.4,0.005046863734679219
2019-08-22,139.55,0.0010760401721665591
2019-08-23,138.9,-0.0046578287352203596
2019-08-26,138.8,-0.0007199424046075986
2019-08-27,139.45,0.004682997118155452
2019-08-28,139.05,-0.002868411617066857
2019-08-29,141.1,0.014742898238043756
2019-08-30,144.05,0.02090715804394061
2019-09-02,144.85,0.005553627212773193
2019-09-03,143.3,-0.010700724887814816
2019-09-04,144.25,0.0066294487090019505
2019-09-05,147.2,0.020450606585788567
2019-09-06,148.85,0.011209239130434812
2019-09-09,150.25,0.009405441719852137
2019-09-10,147.75,-0.016638935108153063
2019-09-11,151.05,0.022335025380710638
2019-09-12,150.25,-0.005296259516716417
2019-09-13,152.75,0.016638935108153063
2019-09-16,151.1,-0.010801963993453345
2019-09-17,151.2,0.0006618133686300265
2019-09-18,147.3,-0.02579365079365059
2019-09-19,147.15,-0.0010183299389002753
2019-09-20,144.5,-0.01800883452259605
2019-09-23,145.2,0.0048442906574392985
2019-09-24,145.45,0.001721763085399397
2019-09-25,143.15,-0.015812994156067295
2019-09-26,144.8,0.011526370939573871
2019-09-27,145.7,0.006215469613259472
2019-09-30,147.0,0.008922443376801814
2019-10-01,145.25,-0.011904761904761862
2019-10-02,143.9,-0.009294320137693601
2019-10-03,144.5,0.004169562195969423
2019-10-04,146.45,0.013494809688581189
2019-10-07,147.75,0.008876749743939927
2019-10-08,145.25,-0.016920473773265665
2019-10-09,146.55,0.00895008605851988
2019-10-10,148.95,0.016376663254861645
2019-10-11,151.8,0.019133937562940684
2019-10-14,148.0,-0.025032938076416378
2019-10-15,148.7,0.004729729729729737
2019-10-16,148.8,0.0006724949562879612
2019-10-17,147.3,-0.01008064516129037
2019-10-18,146.6,-0.004752206381534396
2019-10-21,148.6,0.013642564802182733
2019-10-22,156.3,0.05181695827725452
2019-10-23,161.5,0.033269353806781865
2019-10-24,164.0,0.015479876160990669
2019-10-25,162.6,-0.008536585365853666
2019-10-28,161.15,-0.008917589175891694
2019-10-29,161.15,0.0
2019-10-30,159.55,-0.009928637914985994
2019-10-31,159.35,-0.0012535255405830004
2019-11-01,159.15,-0.0012550988390335194
2019-11-04,159.9,0.004712535344015167
2019-11-05,162.35,0.015322076297686005
2019-11-06,162.85,0.003079765937788803
2019-11-07,163.45,0.003684372121584234
2019-11-08,162.6,-0.005200367084735369
2019-11-11,161.9,-0.004305043050430446
2019-11-12,162.05,0.0009264978381717803
2019-11-13,161.45,-0.003702560937982269
2019-11-14,160.25,-0.007432641684732011
2019-11-15,161.55,0.008112324492979717
2019-11-18,161.5,-0.0003095017022594071
2019-11-19,162.5,0.006191950464396356
2019-11-20,162.55,0.0003076923076923421
2019-11-21,162.35,-0.0012303906490311878
2019-11-22,162.4,0.00030797659377901354
2019-11-25,164.4,0.012315270935960632
2019-11-26,163.0,-0.008515815085158196
2019-11-27,163.05,0.00030674846625777796
2019-11-28,163.25,0.0012266176019624098
2019-11-29,162.6,-0.003981623277182322
2019-12-02,160.5,-0.012915129151291449
2019-12-03,159.2,-0.008099688473520272
2019-12-04,161.1,0.011934673366834181
2019-12-05,161.85,0.004655493482309092
2019-12-06,163.65,0.011121408711770142
2019-12-09,161.95,-0.010388023220287312
2019-12-10,161.85,-0.000617474529175599
2019-12-11,162.65,0.004942848316342285
2019-12-12,162.8,0.0009222256378726978
2019-12-13,163.9,0.006756756756756799
2019-12-16,163.65,-0.0015253203172665986
2019-12-17,162.35,-0.007943782462572657
2019-12-18,162.5,0.0009239297813365965
2019-12-19,162.25,-0.0015384615384614886
2019-12-20,163.15,0.005546995377503805
2019-12-23,163.35,0.001225865767698453
2019-12-27,164.35,0.006121824303642498
2019-12-30,163.2,-0.006997261940979604
2020-01-03,162.7,-0.0030637254901960675
2020-01-06,162.9,0.0012292562999387524
2020-01-07,165.1,0.013505217925107393
2020-01-08,164.4,-0.004239854633555362
2020-01-09,164.5,0.0006082725060827521
2020-01-10,164.55,0.0003039513677811634
2020-01-13,164.1,-0.0027347310847767314
2020-01-14,165.9,0.010968921389396868
2020-01-15,164.05,-0.011151295961422503
2020-01-16,165.0,0.005790917403230678
2020-01-17,165.65,0.003939393939393909
2020-01-20,166.3,0.003923936009659013
2020-01-21,165.85,-0.0027059530968130963
2020-01-22,167.3,0.008742839915586442
2020-01-23,162.95,-0.026001195457262538
2020-01-24,163.7,0.004602638846271878
2020-01-27,158.95,-0.029016493585827696
2020-01-28,161.9,0.018559295375904394
2020-01-29,165.5,0.02223594811612095
2020-01-30,156.35,-0.05528700906344419
2020-01-31,156.0,-0.002238567316917184
2020-02-03,153.8,-0.014102564102564052
2020-02-04,157.2,0.022106631989596837
2020-02-05,159.65,0.015585241730279975
2020-02-06,159.6,-0.0003131850923896451
2020-02-07,159.1,-0.0031328320802005427
2020-02-10,158.9,-0.0012570710245127792
2020-02-11,160.7,0.01132787916928879
2020-02-12,160.3,-0.002489110143123696
2020-02-13,158.0,-0.014348097317529729
2020-02-14,158.85,0.005379746835443067
2020-02-17,157.85,-0.006295247088448197
2020-02-18,156.35,-0.00950269242952173
2020-02-19,158.7,0.01503038055644379
2020-02-20,158.85,0.000945179584121103
2020-02-21,155.35,-0.022033364809568745
2020-02-24,149.6,-0.03701319600901187
2020-02-25,148.65,-0.006350267379679031
2020-02-26,149.45,0.00538176925664291
2020-02-27,142.45,-0.04683840749414525
2020-02-28,140.55,-0.01333801333801321
2020-03-02,144.15,0.025613660618996725
2020-03-03,146.35,0.015261879986125493
2020-03-04,145.0,-0.009224461906388703
2020-03-05,143.55,-0.009999999999999898
2020-03-06,140.45,-0.02159526297457348
2020-03-09,133.15,-0.05197579209683145
2020-03-10,134.4,0.009387908374014264
2020-03-11,134.7,0.0022321428571427937
2020-03-12,127.85,-0.05085374907201179
2020-03-13,129.05,0.009385999217833563
2020-03-16,127.3,-0.013560635412630861
2020-03-17,133.0,0.044776119402985204
2020-03-18,126.2,-0.05112781954887213
2020-03-19,128.0,0.014263074484944571
2020-03-20,127.2,-0.006249999999999978
2020-03-23,120.5,-0.05267295597484278
2020-03-24,132.45,0.09917012448132767
2020-03-25,133.4,0.0071725179312949194
2020-03-26,136.25,0.021364317841079394
2020-03-27,131.7,-0.033394495412844116
2020-03-30,131.95,0.0018982536066818323
2020-03-31,132.85,0.006820765441455157
2020-04-01,139.85,0.05269100489273626
2020-04-02,135.9,-0.0282445477297103
2020-04-03,134.05,-0.013612950699043336
2020-04-06,138.45,0.032823573293546904
2020-04-07,142.25,0.02744673167208389
2020-04-08,144.6,0.016520210896309173
2020-04-09,139.2,-0.03734439834024905
2020-04-14,139.3,0.0007183908045977905
2020-04-15,139.25,-0.00035893754486726603
2020-04-16,139.95,0.0050269299820466795
2020-04-17,140.8,0.006073597713469159
2020-04-20,141.35,0.003906249999999778
2020-04-21,137.9,-0.024407499115670195
2020-04-22,140.65,0.019941986947063173
2020-04-23,140.6,-0.00035549235691445524
2020-04-24,140.1,-0.0035561877667140696
2020-04-27,136.45,-0.02605281941470383
2020-04-28,135.4,-0.007695126419933862
2020-04-29,139.0,0.026587887740029403
2020-04-30,138.05,-0.006834532374100588
2020-05-04,131.65,-0.0463600144875046
2020-05-05,132.5,0.0064565134827192505
2020-05-06,133.95,0.010943396226414936
2020-05-07,134.65,0.005225830533781339
2020-05-08,136.8,0.01596732268845158
2020-05-11,137.1,0.002192982456140191
2020-05-12,136.8,-0.002188183807439681
2020-05-13,133.15,-0.026681286549707695
2020-05-14,130.35,-0.021028914757792005
2020-05-15,133.25,0.022247794399693266
2020-05-18,137.95,0.03527204502814252
2020-05-19,137.95,0.0
2020-05-20,141.75,0.02754621239579569
2020-05-22,137.15,-0.032451499118165694
2020-05-25,139.25,0.015311702515493852
2020-05-26,138.8,-0.0032315978456013417
2020-05-27,136.85,-0.014048991354467022
2020-05-28,141.9,0.036901717208622564
2020-05-29,138.4,-0.02466525722339674
2020-06-02,144.7,0.04552023121387272
2020-06-03,148.9,0.029025570145128077
2020-06-04,147.8,-0.007387508394895881
2020-06-05,148.8,0.006765899864682012
2020-06-08,145.7,-0.02083333333333348
2020-06-09,145.0,-0.0048043925875085325
2020-06-10,144.45,-0.0037931034482759918
2020-06-11,140.35,-0.028383523710626468
2020-06-12,140.85,0.0035625222657642563
2020-06-15,139.6,-0.008874689385871548
2020-06-16,142.75,0.022564469914040153
2020-06-17,145.95,0.02241681260945705
2020-06-18,152.85,0.04727646454265155
2020-06-19,154.05,0.00785083415112875
2020-06-22,156.35,0.01493021746186285
2020-06-23,155.55,-0.005116725295810531
2020-06-24,157.3,0.011250401800064314
2020-06-25,153.8,-0.022250476795931284
2020-06-26,154.3,0.0032509752925877766
2020-06-29,156.25,0.01263771872974706
2020-06-30,157.4,0.007360000000000033
2020-07-01,157.35,-0.00031766200762395336
2020-07-02,158.15,0.005084207181442757
2020-07-03,158.45,0.001896933291179126
2020-07-06,159.65,0.0075733669927422476
2020-07-07,158.4,-0.007829627309740017
2020-07-08,156.85,-0.009785353535353591
2020-07-09,155.4,-0.00924450111571562
2020-07-10,157.2,0.01158301158301156
2020-07-13,156.85,-0.0022264631043256156
2020-07-14,157.2,0.002231431303793441
2020-07-15,160.3,0.019720101781170563
2020-07-16,160.45,0.0009357454772300766
2020-07-17,159.9,-0.003427859146151291
2020-07-20,162.65,0.017198248905565983
2020-07-21,158.9,-0.023055640946818334
2020-07-22,161.15,0.014159848961611043
2020-07-23,161.3,0.0009308098045299751
2020-07-24,159.7,-0.009919404835709966
2020-07-27,160.1,0.00250469630557304
2020-07-28,160.0,-0.0006246096189881367
2020-07-29,160.45,0.0028124999999998845
2020-07-30,158.75,-0.010595200997195353
2020-07-31,156.9,-0.011653543307086567
2020-08-03,160.4,0.02230720203951564
2020-08-04,159.5,-0.005610972568578565
2020-08-05,159.25,-0.0015673981191222097
2020-08-06,161.45,0.013814756671899353
2020-08-07,161.6,0.0009290802105914597
2020-08-10,161.05,-0.0034034653465345732
2020-08-11,163.35,0.014281279105867739
2020-08-12,166.8,0.02112029384756675
2020-08-13,166.4,-0.0023980815347721673
2020-08-14,165.15,-0.0075120192307692735
2020-08-17,167.2,0.012412957917045109
2020-08-18,166.7,-0.0029904306220095433
2020-08-19,168.5,0.010797840431913786
2020-08-20,168.0,-0.0029673590504450953
2020-08-21,168.0,0.0
2020-08-24,169.4,0.008333333333333304
2020-08-25,171.2,0.010625737898465104
2020-08-26,174.2,0.017523364485981352
2020-08-27,174.75,0.0031572904707233285
2020-08-28,175.5,0.0042918454935623185
2020-08-31,175.05,-0.002564102564102444
2020-09-01,175.75,0.0039988574692944034
2020-09-02,177.1,0.007681365576102328
2020-09-03,174.5,-0.01468097120271028
2020-09-04,171.75,-0.015759312320916874
2020-09-07,172.2,0.0026200873362445254
2020-09-08,172.8,0.0034843205574914826
2020-09-09,176.15,0.01938657407407396
2020-09-10,174.9,-0.007096224808401885
2020-09-11,174.75,-0.0008576329331047017
2020-09-14,175.7,0.0054363376251787
2020-09-15,176.45,0.004268639726807022
2020-09-16,178.4,0.011051289317087098
2020-09-17,177.65,-0.004204035874439516
2020-09-18,177.4,-0.0014072614691810204
2020-09-21,174.1,-0.018602029312288715
2020-09-22,178.25,0.02383687535898904
2020-09-23,180.8,0.014305750350631197
2020-09-24,180.6,-0.0011061946902656272
2020-09-25,179.8,-0.00442967884828338
2020-09-28,179.7,-0.0005561735261402356
2020-09-29,181.3,0.008903728436282732
2020-09-30,179.3,-0.01103143960286812
2020-10-01,182.85,0.01979921918572214
2020-10-02,180.7,-0.01175827180749256
2020-10-05,180.2,-0.0027670171555063128
2020-10-06,177.1,-0.01720310765815758
2020-10-07,180.7,0.02032749858836813
2020-10-08,180.45,-0.0013835085777531564
2020-10-09,181.0,0.003047935716264938
2020-10-12,183.2,0.012154696132596676
2020-10-13,185.0,0.009825327510917026
2020-10-14,187.25,0.012162162162162149
2020-10-15,184.3,-0.015754339118825067
2020-10-16,185.5,0.006511123168746469
2020-10-19,185.1,-0.0021563342318059453
2020-10-20,187.9,0.015126958400864421
2020-10-21,192.1,0.02235231506120261
2020-10-22,189.6,-0.013014055179593975
2020-10-23,188.1,-0.007911392405063333
2020-10-26,185.5,-0.013822434875066403
2020-10-27,186.85,0.007277628032344996
2020-10-28,182.5,-0.023280706449023247
2020-10-29,182.45,-0.0002739726027397582
2020-10-30,183.1,0.0035626198958618183
2020-11-02,186.1,0.016384489350081965
2020-11-03,188.05,0.010478237506716948
2020-11-04,191.8,0.01994150491890445
2020-11-05,195.25,0.01798748696558916
2020-11-06,196.8,0.00793854033290664
2020-11-09,190.85,-0.03023373983739841
2020-11-10,186.0,-0.025412627718103153
2020-11-11,188.95,0.01586021505376345
2020-11-12,191.35,0.012701772955808543
2020-11-13,192.15,0.004180820486020531
2020-11-16,189.4,-0.014311735623211086
2020-11-17,192.1,0.014255543822597527
2020-11-18,193.75,0.008589276418532021
2020-11-19,192.0,-0.00903225806451613
2020-11-20,196.5,0.0234375
2020-11-23,195.9,-0.003053435114503733
2020-11-24,199.7,0.01939765186319553
2020-11-25,199.2,-0.0025037556334501776
2020-11-26,201.0,0.009036144578313365
2020-11-27,202.6,0.007960199004975133
2020-11-30,205.7,0.01530108588351431
2020-12-01,201.6,-0.019931939718035974
2020-12-02,196.05,-0.027529761904761862
2020-12-03,195.3,-0.0038255547054323324
2020-12-04,194.2,-0.005632360471070297
2020-12-07,194.65,0.0023171987641608105
2020-12-08,196.6,0.01001798099152329
2020-12-09,197.1,0.0025432349949134903
2020-12-10,196.5,-0.0030441400304414
2020-12-11,199.0,0.012722646310432628
2020-12-14,199.55,0.0027638190954775155
2020-12-15,198.1,-0.007266349285893314
2020-12-16,201.7,0.018172640080767355
2020-12-17,202.0,0.0014873574615765772
2020-12-18,203.0,0.004950495049504955
2020-12-21,200.7,-0.01133004926108383
2020-12-22,199.95,-0.0037369207772794955
2020-12-23,199.55,-0.0020005001250311683
2020-12-28,202.8,0.016286644951140072
2020-12-29,202.0,-0.0039447731755424265
2020-12-30,200.8,-0.005940594059405835
2021-01-04,203.0,0.010956175298804771
2021-01-05,202.2,-0.003940886699507429
2021-01-06,196.85,-0.02645895153313549
2021-01-07,200.8,0.020066040132080243
2021-01-08,202.2,0.006972111553784854
2021-01-11,199.05,-0.015578635014836695
2021-01-12,204.9,0.029389600602863553
2021-01-13,206.6,0.00829673011224985
2021-01-14,207.3,0.0033881897386254245
2021-01-15,201.8,-0.026531596719729822
2021-01-18,203.4,0.007928642220019766
2021-01-19,201.8,-0.007866273352998943
2021-01-20,203.4,0.007928642220019766
2021-01-21,207.5,0.02015732546705995
2021-01-22,205.4,-0.010120481927710867
2021-01-25,204.3,-0.005355404089581239
2021-01-26,205.5,0.005873715124816492
2021-01-27,205.6,0.00048661800486615725
2021-01-28,208.0,0.011673151750972721
2021-01-29,203.1,-0.023557692307692335
2021-02-01,205.2,0.010339734121122657
2021-02-02,207.3,0.01023391812865504
2021-02-03,207.0,-0.0014471780028944004
2021-02-04,203.0,-0.019323671497584516
2021-02-05,202.8,-0.0009852216748768017
2021-02-08,205.2,0.011834319526627057
2021-02-09,207.7,0.012183235867446296
2021-02-10,204.6,-0.01492537313432829
2021-02-11,203.2,-0.006842619745845546
2021-02-12,208.5,0.026082677165354395
2021-02-15,210.7,0.010551558752997625
2021-02-16,210.9,0.0009492168960607561
2021-02-17,207.9,-0.014224751066856278
2021-02-18,206.4,-0.00721500721500723
2021-02-19,210.1,0.017926356589147208
2021-02-22,214.8,0.02237029985721084
2021-02-23,210.8,-0.01862197392923648
2021-02-24,213.9,0.014705882352941124
2021-02-25,215.5,0.007480130902290716
2021-02-26,215.7,0.0009280742459396585
2021-03-01,222.5,0.03152526657394539
2021-03-02,221.9,-0.002696629213483126
2021-03-03,237.7,0.07120324470482187
2021-03-04,245.5,0.03281447202355925
2021-03-05,240.0,-0.022403258655804503
2021-03-08,244.1,0.01708333333333334
2021-03-09,248.3,0.01720606308889816
2021-03-10,248.1,-0.000805477245267916
2021-03-11,252.1,0.01612253123740426
2021-03-12,251.3,-0.00317334391114632
2021-03-15,251.8,0.0019896538002388553
2021-03-16,257.0,0.02065131056393965
2021-03-17,260.5,0.013618677042801508
2021-03-18,269.5,0.03454894433781197
2021-03-19,267.3,-0.008163265306122436
2021-03-22,270.8,0.013093901982790923
2021-03-23,268.1,-0.009970457902511054
2021-03-24,272.5,0.016411786646773452
2021-03-25,269.6,-0.010642201834862308
2021-03-26,266.9,-0.010014836795252391
2021-03-29,267.8,0.0033720494567255344
2021-03-30,271.9,0.01530993278566073
2021-03-31,269.7,-0.00809121000367774
2021-04-01,273.9,0.015572858731924377
2021-04-06,274.3,0.0014603870025557963
2021-04-07,269.6,-0.017134524243528904
2021-04-08,272.6,0.011127596439169052
2021-04-09,275.9,0.012105649303007837
2021-04-12,275.0,-0.0032620514679231327
2021-04-13,279.4,0.016000000000000014
2021-04-14,278.6,-0.0028632784538294986
2021-04-15,281.9,0.011844938980617226
2021-04-16,283.7,0.0063852429939694755
2021-04-19,283.2,-0.0017624250969333621
2021-04-20,283.0,-0.0007062146892654608
2021-04-21,285.2,0.007773851590106018
2021-04-22,287.8,0.00911640953716697
2021-04-23,292.3,0.015635858234885447
2021-04-26,284.6,-0.026342798494697228
2021-04-27,278.3,-0.02213633169360507
2021-04-28,279.1,0.002874595759971399
2021-04-29,275.5,-0.012898602651379543
2021-04-30,273.0,-0.00907441016333943
2021-05-03,276.2,0.01172161172161168
2021-05-04,273.6,-0.009413468501086042
2021-05-05,281.5,0.028874269005847886
2021-05-06,278.7,-0.00994671403197167
2021-05-07,278.4,-0.0010764262648008671
2021-05-10,280.6,0.007902298850574807
2021-05-11,277.0,-0.01282965074839637
2021-05-12,276.5,-0.0018050541516245744
2021-05-14,283.1,0.02386980108499115
2021-05-17,286.5,0.01200989049805723
2021-05-18,291.0,0.015706806282722585
2021-05-19,287.0,-0.013745704467353903
2021-05-20,293.0,0.020905923344947785
2021-05-21,295.7,0.009215017064846398
2021-05-25,296.9,0.004058167061210538
2021-05-26,303.7,0.022903334456045865
2021-05-27,301.5,-0.007243990780375298
2021-05-28,303.9,0.007960199004975133
2021-05-31,303.6,-0.0009871668311943749
2021-06-01,302.9,-0.0023056653491437817
2021-06-02,306.6,0.012215252558600342
2021-06-03,310.3,0.01206784083496415
2021-06-04,312.6,0.007412181759587577
2021-06-07,316.7,0.01311580294305803
2021-06-08,314.5,-0.006946637196084571
2021-06-09,318.0,0.0111287758346581
2021-06-10,317.1,-0.002830188679245227
2021-06-11,318.7,0.005045726900031466
2021-06-14,318.8,0.00031377470975857413
2021-06-15,318.6,-0.0006273525721455231
2021-06-16,319.5,0.0028248587570620654
2021-06-17,312.8,-0.020970266040688523
2021-06-18,310.6,-0.007033248081841359
2021-06-21,317.9,0.02350289761751423
2021-06-22,320.0,0.006605850896508336
2021-06-23,316.1,-0.012187499999999907
2021-06-24,317.5,0.004428978171464593
2021-06-25,317.3,-0.0006299212598425141
2021-06-28,317.0,-0.0009454774661203924
2021-06-29,317.6,0.0018927444794953896
2021-06-30,316.6,-0.0031486146095718315
2021-07-01,314.5,-0.0066329753632344834
2021-07-02,321.6,0.022575516693163822
2021-07-05,321.4,-0.0006218905472638037
2021-07-06,317.3,-0.012756689483509498
2021-07-07,320.0,0.008509297195083532
2021-07-08,312.8,-0.022499999999999964
2021-07-09,314.6,0.005754475703324768
2021-07-12,319.8,0.016528925619834656
2021-07-13,319.8,0.0
2021-07-14,321.0,0.0037523452157597337
2021-07-15,319.6,-0.004361370716510882
2021-07-16,314.2,-0.01689612015018782
2021-07-19,310.1,-0.013049013367281925
2021-07-20,312.1,0.006449532408900449
2021-07-21,309.4,-0.008651073373918794
2021-07-22,302.7,-0.021654815772462754
2021-07-23,307.6,0.016187644532540624
2021-07-26,307.7,0.0003250975292585778
2021-07-27,306.0,-0.0055248618784530246
2021-07-28,307.3,0.00424836601307188
2021-07-29,302.6,-0.015294500488122309
2021-07-30,305.6,0.00991407799074695
2021-08-02,306.0,0.0013089005235600304
2021-08-03,305.9,-0.0003267973856210249
2021-08-04,305.2,-0.0022883295194507935
2021-08-05,304.6,-0.001965923984272533
2021-08-06,303.3,-0.004267892317793898
2021-08-09,304.0,0.002307945928123889
2021-08-10,304.6,0.0019736842105264607
2021-08-11,309.1,0.014773473407747817
2021-08-12,314.7,0.018117114202523377
2021-08-13,315.0,0.0009532888465204614
2021-08-16,314.8,-0.0006349206349205438
2021-08-17,329.5,0.046696315120711596
2021-08-18,328.2,-0.003945371775417317
2021-08-19,325.9,-0.007007921998781308
2021-08-20,322.1,-0.011660018410555195
2021-08-23,328.2,0.01893821794473749
2021-08-24,328.7,0.0015234613040828737
2021-08-25,328.0,-0.0021296014602980584
2021-08-26,326.5,-0.004573170731707266
2021-08-27,332.4,0.01807044410413461
2021-08-30,337.6,0.01564380264741283
2021-08-31,335.1,-0.007405213270142208
2021-09-01,335.2,0.00029841838257227415
2021-09-02,339.9,0.01402147971360379
2021-09-03,337.7,-0.006472491909385036
2021-09-06,342.5,0.014213799230085922
2021-09-07,347.5,0.014598540145985384
2021-09-08,342.0,-0.015827338129496438
2021-09-09,345.2,0.009356725146198785
2021-09-10,340.6,-0.013325608342989459
2021-09-13,339.3,-0.003816793893129833
2021-09-14,346.3,0.020630710285882703
2021-09-15,355.9,0.027721628645682728
2021-09-16,360.8,0.013767912334925692
2021-09-17,355.5,-0.014689578713969031
2021-09-20,349.6,-0.016596343178621575
2021-09-21,352.4,0.008009153318077722
2021-09-22,352.3,-0.0002837684449488176
2021-09-23,355.2,0.008231620777746196
2021-09-24,349.8,-0.01520270270270263
2021-09-27,335.4,-0.04116638078902235
2021-09-28,325.0,-0.03100775193798444
2021-09-29,325.7,0.002153846153846173
2021-09-30,319.4,-0.019342953638317506
2021-10-01,312.7,-0.020976831559173403
2021-10-04,296.1,-0.05308602494403569
2021-10-05,300.0,0.013171225937183229
2021-10-06,295.0,-0.01666666666666672
2021-10-07,298.1,0.010508474576271354
2021-10-08,297.7,-0.0013418316001343467
2021-10-11,295.4,-0.007725898555592914
2021-10-12,295.5,0.0003385240352065111
2021-10-13,295.8,0.0010152284263960087
2021-10-14,294.7,-0.0037187288708587785
2021-10-15,286.7,-0.02714625042416019
2021-10-18,291.1,0.015347052668294614
2021-10-19,297.7,0.022672621092407974
2021-10-20,288.6,-0.0305676855895195
2021-10-21,291.3,0.009355509355509328
2021-10-22,295.9,0.015791280466872504
2021-10-25,292.1,-0.012842176410949535
2021-10-26,287.8,-0.014720985963711075
2021-10-27,290.5,0.00938151494093109
2021-10-28,290.1,-0.0013769363166952209
2021-10-29,288.3,-0.006204756980351611
2021-11-01,288.9,0.002081165452653355
2021-11-02,292.1,0.011076497057805668
2021-11-03,293.5,0.004792879150975704
2021-11-04,299.8,0.02146507666098807
2021-11-05,288.3,-0.03835890593729152
2021-11-08,294.0,0.019771071800207984
2021-11-09,300.9,0.02346938775510199
2021-11-10,290.6,-0.03423064140910592
2021-11-11,296.0,0.018582243633860962
2021-11-12,297.0,0.0033783783783782884
2021-11-15,295.4,-0.005387205387205496
2021-11-16,290.2,-0.01760324983073791
2021-11-17,285.9,-0.014817367332873865
2021-11-18,289.7,0.01329136061559999
2021-11-19,291.3,0.005522954780807776
2021-11-22,283.9,-0.025403364229316994
2021-11-23,268.0,-0.05600563578724893
2021-11-24,268.8,0.0029850746268658135
2021-11-25,267.4,-0.005208333333333481
2021-11-26,267.5,0.00037397157816010385
2021-11-29,266.1,-0.005233644859813036
2021-11-30,263.7,-0.00901916572717032
2021-12-01,265.8,0.007963594994311762
2021-12-02,264.1,-0.006395786305492757
2021-12-03,261.6,-0.009466111321469128
2021-12-06,264.2,0.009938837920489219
2021-12-07,273.8,0.03633610900832718
2021-12-08,274.5,0.0025566106647187947
2021-12-09,277.5,0.010928961748633892
2021-12-10,277.4,-0.0003603603603604677
2021-12-13,282.8,0.019466474405191114
2021-12-14,276.5,-0.022277227722772297
2021-12-15,281.3,0.017359855334538876
2021-12-16,289.3,0.028439388553146205
2021-12-17,277.7,-0.04009678534393368
2021-12-20,286.1,0.030248469571480197
2021-12-21,285.2,-0.0031457532331353733
2021-12-22,288.9,0.012973352033660568
2021-12-23,290.1,0.004153686396677125
2021-12-27,292.2,0.007238883143743324
2021-12-28,295.3,0.010609171800136874
2021-12-29,297.4,0.007111412123264271
2021-12-30,294.4,-0.01008742434431742
2022-01-03,290.6,-0.012907608695651995
2022-01-04,292.6,0.006882312456985451
2022-01-05,297.2,0.01572112098427869
2022-01-06,293.9,-0.011103633916554556
2022-01-07,293.0,-0.003062266076896858
2022-01-10,272.5,-0.06996587030716728
2022-01-11,271.1,-0.00513761467889895
2022-01-12,273.8,0.00995942456658061
2022-01-13,270.3,-0.012783053323593863
2022-01-14,260.2,-0.0373658897521274
2022-01-17,265.0,0.01844734819369731
2022-01-18,265.0,0.0
2022-01-19,264.0,-0.0037735849056603765
2022-01-20,270.0,0.022727272727272707
2022-01-21,261.3,-0.03222222222222215
2022-01-24,249.9,-0.04362801377726755
2022-01-25,252.5,0.010404161664665734
2022-01-26,256.0,0.013861386138613874
2022-01-27,255.5,-0.001953125
2022-01-28,253.5,-0.007827788649706457
2022-01-31,260.3,0.026824457593688456
2022-02-01,262.7,0.009220130618516897
2022-02-02,262.9,0.0007613247049866878
2022-02-03,258.8,-0.01559528337770999
2022-02-04,255.3,-0.013523956723338504
2022-02-07,257.8,0.009792401096748948
2022-02-08,252.3,-0.0213343677269201
2022-02-09,263.1,0.042806183115339014
2022-02-10,263.5,0.0015203344735841284
2022-02-11,259.2,-0.016318785578747663
2022-02-14,253.1,-0.023533950617283916
2022-02-15,255.9,0.011062821019359959
2022-02-16,256.1,0.0007815552950372062
2022-02-17,252.3,-0.01483795392424836
2022-02-18,248.7,-0.014268727705113005
2022-02-21,243.1,-0.022517088862082812
2022-02-22,242.4,-0.002879473467708671
2022-02-23,236.6,-0.023927392739274023
2022-02-24,238.2,0.006762468300929747
2022-02-25,246.0,0.032745591939546737
2022-02-28,251.4,0.02195121951219514
2022-03-01,255.8,0.017501988862370643
2022-03-02,260.7,0.01915559030492564
2022-03-03,255.8,-0.018795550441120024
2022-03-04,264.7,0.034792806880375116
2022-03-07,272.8,0.030600680015111514
2022-03-08,252.5,-0.07441348973607043
2022-03-09,265.4,0.05108910891089091
2022-03-10,261.6,-0.014318010550112836
2022-03-11,259.7,-0.007262996941896138
2022-03-14,262.6,0.011166730843280792
2022-03-15,273.1,0.03998476770754
2022-03-16,284.4,0.0413767850604172
2022-03-17,286.8,0.008438818565400963
2022-03-18,293.4,0.023012552301255207
2022-03-21,293.1,-0.0010224948875253714
2022-03-22,286.9,-0.021153190037530023
2022-03-23,280.7,-0.021610317183687666
2022-03-24,279.3,-0.004987531172069737
2022-03-25,273.0,-0.022556390977443663
2022-03-28,284.2,0.04102564102564088
2022-03-29,271.5,-0.044686840253342686
2022-03-30,270.1,-0.0051565377532227785
2022-03-31,263.1,-0.02591632728619031
2022-04-01,262.0,-0.004180919802356575
2022-04-04,257.8,-0.016030534351144987
2022-04-05,254.2,-0.013964313421256924
2022-04-06,245.5,-0.03422501966955149
2022-04-07,248.2,0.010997963340122263
2022-04-08,256.9,0.03505237711522957
2022-04-11,252.2,-0.018295056442195312
2022-04-12,256.2,0.015860428231562196
2022-04-13,256.9,0.002732240437158362
2022-04-14,261.2,0.016738030362008605
2022-04-19,265.8,0.017611026033690802
2022-04-20,273.2,0.02784048156508634
2022-04-21,277.4,0.015373352855051259
2022-04-22,277.4,0.0
2022-04-25,277.6,0.0007209805335257613
2022-04-26,268.7,-0.03206051873198856
2022-04-27,267.9,-0.0029772981019724476
2022-04-28,267.4,-0.0018663680477790656
2022-04-29,275.1,0.028795811518324888
2022-05-02,280.8,0.02071973827699014
2022-05-03,273.7,-0.02528490028490038
2022-05-04,276.1,0.008768724881256906
2022-05-05,266.0,-0.03658094893154662
2022-05-06,256.2,-0.0368421052631579
2022-05-09,243.9,-0.04800936768149877
2022-05-10,246.4,0.010250102501025093
2022-05-11,245.9,-0.0020292207792207417
2022-05-12,250.9,0.020333468889792705
2022-05-13,259.2,0.03308090872857705
2022-05-16,258.0,-0.004629629629629539
2022-05-17,261.7,0.014341085271317722
2022-05-18,260.1,-0.006113870844478231
2022-05-19,249.5,-0.040753556324490625
2022-05-20,254.1,0.01843687374749492
2022-05-23,259.5,0.02125147579693043
2022-05-24,253.5,-0.023121387283236983
2022-05-25,254.5,0.0039447731755424265
2022-05-27,257.5,0.011787819253438192
2022-05-30,257.3,-0.0007766990291261378
2022-05-31,252.8,-0.01748931208705795
2022-06-01,247.2,-0.022151898734177333
2022-06-02,252.6,0.02184466019417486
2022-06-03,250.7,-0.0075217735550277
2022-06-07,248.2,-0.009972078181092914
2022-06-08,230.2,-0.07252215954875096
2022-06-09,227.0,-0.013900955690703709
2022-06-10,230.4,0.01497797356828201
2022-06-13,230.7,0.0013020833333332593
2022-06-14,233.7,0.013003901170351106
2022-06-15,233.0,-0.002995293110825803
2022-06-16,224.8,-0.03519313304721028
2022-06-17,222.1,-0.012010676156583688
2022-06-20,223.5,0.006303466906798727
2022-06-21,225.0,0.006711409395973256
2022-06-22,218.8,-0.027555555555555555
2022-06-23,217.9,-0.004113345521023826
2022-06-24,226.1,0.0376319412574575
2022-06-27,230.8,0.020787262273330498
2022-06-28,226.7,-0.017764298093587594
2022-06-29,226.1,-0.0026466696074106677
2022-06-30,226.0,-0.0004422821760282636
2022-07-01,224.5,-0.006637168141592875
2022-07-04,226.0,0.006681514476614803
2022-07-05,225.1,-0.0039823008849557695
2022-07-06,229.8,0.02087960906263886
2022-07-07,234.6,0.02088772845952991
2022-07-08,236.5,0.008098891730605295
2022-07-11,233.9,-0.010993657505285359
2022-07-12,234.5,0.002565198802907176
2022-07-13,231.3,-0.01364605543710018
2022-07-14,231.3,0.0
2022-07-15,232.8,0.006485084306095956
2022-07-18,237.9,0.021907216494845283
2022-07-19,237.5,-0.0016813787305590688
2022-07-20,240.9,0.014315789473684282
2022-07-21,243.7,0.0116230801162307
2022-07-22,246.0,0.00943783340172355
2022-07-25,239.8,-0.025203252032520274
2022-07-26,243.4,0.015012510425354453
2022-07-27,242.5,-0.003697617091207861
2022-07-28,248.4,0.02432989690721654
2022-07-29,255.2,0.027375201288244666
2022-08-02,247.3,-0.03095611285266453
2022-08-03,248.5,0.0048524059846339895
2022-08-04,249.9,0.005633802816901401
2022-08-05,244.9,-0.02000800320128049
2022-08-08,240.2,-0.019191506737443964
2022-08-09,241.0,0.0033305578684430515
2022-08-10,247.8,0.028215767634854894
2022-08-11,248.8,0.004035512510088823
2022-08-12,241.6,-0.02893890675241162
2022-08-15,244.1,0.010347682119205226
2022-08-16,240.5,-0.01474805407619828
2022-08-17,237.4,-0.012889812889812835
2022-08-18,243.4,0.02527379949452402
2022-08-19,244.5,0.004519309778142855
2022-08-22,240.7,-0.015541922290388643
2022-08-23,235.1,-0.023265475695886995
2022-08-24,235.6,0.002126754572522316
2022-08-25,237.2,0.00679117147707986
2022-08-26,234.1,-0.013069139966273124
2022-08-29,234.1,0.0
2022-08-30,226.5,-0.03246475865014953
2022-08-31,226.0,-0.002207505518763808
2022-09-01,218.3,-0.034070796460176966
2022-09-02,224.0,0.026110856619331102
2022-09-05,216.6,-0.03303571428571428
2022-09-06,212.3,-0.019852262234533624
2022-09-07,215.0,0.012717852096090443
2022-09-08,216.7,0.007906976744185945
2022-09-09,219.0,0.010613751730503163
2022-09-12,221.6,0.01187214611872145
2022-09-13,219.9,-0.00767148014440433
2022-09-14,218.9,-0.004547521600727578
2022-09-15,220.0,0.005025125628140614
2022-09-16,211.0,-0.040909090909090895
2022-09-19,213.7,0.012796208530805542
2022-09-20,211.3,-0.01123069723912018
2022-09-21,211.0,-0.0014197823000473564
2022-09-22,205.8,-0.024644549763033097
2022-09-23,202.8,-0.014577259475218707
2022-09-26,204.7,0.009368836291913096
2022-09-27,209.0,0.021006350757205805
2022-09-28,209.4,0.00191387559808609
2022-09-29,202.5,-0.03295128939828085
2022-09-30,202.0,-0.0024691358024691024
2022-10-03,207.6,0.027722772277227747
2022-10-04,214.6,0.033718689788053924
2022-10-05,206.3,-0.03867660764212477
2022-10-06,206.8,0.002423654871546388
2022-10-07,199.4,-0.03578336557059969
2022-10-10,205.3,0.02958876629889673
2022-10-11,199.25,-0.029469069654164737
2022-10-12,202.4,0.01580928481806776
2022-10-13,202.1,-0.0014822134387352248
2022-10-14,207.3,0.0257298367144978
2022-10-17,209.2,0.009165460684997573
2022-10-18,212.4,0.015296367112810794
2022-10-19,207.5,-0.02306967984934094
2022-10-20,209.7,0.010602409638554189
2022-10-21,212.3,0.012398664759179834
2022-10-24,214.3,0.009420631182289307
2022-10-25,223.5,0.04293047130191319
2022-10-26,224.8,0.005816554809843444
2022-10-27,221.3,-0.015569395017793641
2022-10-28,213.3,-0.0361500225937641
2022-10-31,213.4,0.00046882325363339916
2022-11-01,212.5,-0.004217432052483594
2022-11-02,211.3,-0.005647058823529338
2022-11-03,205.9,-0.02555608140085186
2022-11-04,209.0,0.015055852355512434
2022-11-07,214.7,0.027272727272727115
2022-11-08,219.5,0.02235677689799731
2022-11-09,220.2,0.0031890660592255315
2022-11-10,234.8,0.06630336058128994
2022-11-11,239.2,0.01873935264054505
2022-11-14,236.1,-0.01295986622073575
2022-11-15,233.7,-0.010165184243964398
2022-11-16,226.2,-0.03209242618741981
2022-11-17,226.7,0.002210433244915988
2022-11-18,225.9,-0.0035288928098807792
2022-11-21,225.0,-0.003984063745019917
2022-11-22,228.0,0.01333333333333342
2022-11-23,230.1,0.009210526315789558
2022-11-24,230.6,0.0021729682746631784
2022-11-25,230.5,-0.00043365134431916363
2022-11-28,228.3,-0.009544468546637708
2022-11-29,225.2,-0.013578624616732426
2022-11-30,228.6,0.015097690941385356
2022-12-01,229.9,0.00568678915135612
2022-12-02,229.1,-0.003479773814702103
2022-12-05,227.8,-0.005674378000872893
2022-12-06,222.5,-0.023266022827041266
2022-12-07,218.4,-0.018426966292134805
2022-12-08,214.5,-0.017857142857142905
2022-12-09,218.3,0.017715617715617693
2022-12-12,216.4,-0.008703618873110441
2022-12-13,217.9,0.006931608133086797
2022-12-14,217.3,-0.0027535566773748688
2022-12-15,210.2,-0.03267372296364479
2022-12-16,212.2,0.009514747859181716
2022-12-19,212.9,0.0032987747408106394
2022-12-20,209.1,-0.01784875528417107
2022-12-21,213.3,0.020086083213773476
2022-12-22,211.9,-0.006563525550867366
2022-12-23,214.1,0.010382255781028693
2022-12-27,216.2,0.009808500700607237
2022-12-28,216.4,0.0009250693802036469
2022-12-29,216.6,0.0009242144177448175
2022-12-30,215.2,-0.006463527239150557
2023-01-03,219.6,0.020446096654275214
2023-01-04,219.2,-0.0018214936247723523
2023-01-05,218.4,-0.0036496350364962904
2023-01-06,217.8,-0.0027472527472527375
2023-01-09,221.1,0.015151515151515138
2023-01-10,218.4,-0.012211668928086783
2023-01-11,216.9,-0.006868131868131844
2023-01-12,219.0,0.009681881051175623
2023-01-13,220.0,0.004566210045662045
2023-01-16,224.7,0.02136363636363625
2023-01-17,225.7,0.004450378282153888
2023-01-18,226.8,0.0048737261852016545
2023-01-19,217.1,-0.0427689594356262
2023-01-20,220.2,0.014279134039613117
2023-01-23,222.7,0.011353315168028955
2023-01-24,220.7,-0.008980691513246541
2023-01-25,217.6,-0.014046216583597615
2023-01-26,218.0,0.0018382352941177516
2023-01-27,217.3,-0.0032110091743118296
2023-01-30,217.2,-0.00046019328117818947
2023-01-31,217.6,0.0018416206261511192
2023-02-01,223.5,0.02711397058823528
2023-02-02,241.0,0.07829977628635354
2023-02-03,237.3,-0.01535269709543563
2023-02-06,234.6,-0.01137800252844512
2023-02-07,232.6,-0.008525149190110826
2023-02-08,239.1,0.02794496990541706
2023-02-09,246.1,0.029276453366792188
2023-02-10,242.9,-0.013002844372206335
2023-02-13,243.1,0.0008233841086866533
2023-02-14,244.4,0.005347593582887722
2023-02-15,240.8,-0.014729950900163602
2023-02-16,243.4,0.010797342192691017
2023-02-17,245.5,0.00862777321281838
2023-02-20,244.4,-0.004480651731160856
2023-02-21,239.7,-0.019230769230769273
2023-02-22,242.0,0.009595327492699202
2023-02-23,243.3,0.005371900826446341
2023-02-24,241.1,-0.00904233456637904
2023-02-27,241.4,0.0012442969722108455
2023-02-28,241.0,-0.001657000828500399
2023-03-01,253.3,0.05103734439834029
2023-03-02,254.4,0.004342676667982603
2023-03-03,252.6,-0.007075471698113289
2023-03-06,255.5,0.011480601741884477
2023-03-07,251.2,-0.016829745596868895
2023-03-08,248.3,-0.011544585987261047
2023-03-09,249.9,0.00644381796214244
2023-03-10,246.3,-0.014405762304921965
2023-03-13,243.5,-0.01136825010150233
2023-03-14,250.7,0.029568788501026733
2023-03-15,247.3,-0.013562026326286336
2023-03-16,249.3,0.008087343307723316
2023-03-17,250.9,0.006417970316887178
2023-03-20,252.4,0.005978477481068056
2023-03-21,255.8,0.01347068145800323
2023-03-22,261.7,0.02306489444878812
2023-03-23,262.8,0.004203286205578971
2023-03-24,258.6,-0.015981735159817267
2023-03-27,261.0,0.009280742459396585
2023-03-28,261.4,0.0015325670498083088
2023-03-29,266.9,0.021040550879877662
2023-03-30,269.6,0.010116148370176159
2023-03-31,271.9,0.00853115727002951
2023-04-03,265.2,-0.02464141228392791
2023-04-04,266.1,0.0033936651583712507
2023-04-05,261.7,-0.01653513716647892
2023-04-06,260.5,-0.004585403133358756
2023-04-11,262.3,0.006909788867562439
2023-04-12,263.1,0.0030499428135721818
2023-04-13,265.4,0.00874192322310896
2023-04-14,261.3,-0.015448379804069212
2023-04-17,269.4,0.030998851894374235
2023-04-18,270.7,0.0048255382331106045
2023-04-19,271.2,0.0018470631695604034
2023-04-20,271.8,0.0022123893805310324
2023-04-21,269.9,-0.006990434142752133
2023-04-24,269.7,-0.0007410151908113782
2023-04-25,260.4,-0.034482758620689724
2023-04-26,260.0,-0.001536098310291778
2023-04-27,263.4,0.013076923076922986
2023-04-28,263.9,0.0018982536066818323
2023-05-02,265.4,0.0056839712012126675
2023-05-03,268.2,0.010550113036925435
2023-05-04,267.7,-0.0018642803877703118
2023-05-05,270.8,0.01158012700784461
2023-05-08,273.8,0.01107828655834564
2023-05-09,273.4,-0.0014609203798394699
2023-05-10,273.5,0.00036576444769576
2023-05-11,259.5,-0.051188299817184646
2023-05-12,262.4,0.011175337186897893
2023-05-15,262.4,0.0
2023-05-16,259.0,-0.012957317073170604
2023-05-17,256.2,-0.010810810810810811
2023-05-19,259.4,0.012490241998438734
2023-05-22,262.4,0.01156515034695449
2023-05-23,259.2,-0.012195121951219523
2023-05-24,254.7,-0.01736111111111116
2023-05-25,255.4,0.002748331370239665
2023-05-26,261.7,0.024667188723570765
2023-05-30,262.6,0.0034390523500191783
2023-05-31,259.1,-0.013328255902513297
2023-06-01,258.8,-0.0011578541103821616
2023-06-02,264.3,0.021251931993817585
2023-06-05,260.0,-0.01626939084373824
2023-06-06,255.2,-0.01846153846153853
2023-06-07,251.6,-0.014106583072100332
2023-06-08,249.8,-0.007154213036565937
2023-06-09,244.5,-0.021216973578863096
2023-06-12,244.6,0.00040899795501014857
2023-06-13,256.6,0.04905968928863458
2023-06-14,260.0,0.013250194855806585
2023-06-15,258.9,-0.004230769230769371
2023-06-16,261.3,0.009269988412514696
2023-06-19,258.4,-0.011098354381936626
2023-06-20,257.9,-0.0019349845201238614
2023-06-21,255.8,-0.008142690965490362
2023-06-22,256.9,0.004300234558248572
2023-06-23,258.6,0.006617360840794229
2023-06-26,259.4,0.0030935808197987136
2023-06-27,262.5,0.011950655358519802
2023-06-28,264.5,0.007619047619047636
2023-06-29,260.7,-0.014366729678638945
2023-06-30,264.7,0.015343306482547003
2023-07-03,263.2,-0.005666792595391046
2023-07-04,267.8,0.01747720364741645
2023-07-05,265.0,-0.010455563853622118
2023-07-06,260.1,-0.0184905660377358
2023-07-07,261.7,0.006151480199922954
2023-07-10,261.0,-0.0026748184944592746
2023-07-11,264.0,0.011494252873563315
2023-07-12,270.3,0.02386363636363642
2023-07-13,272.8,0.009248982611912648
2023-07-14,273.3,0.001832844574780168
2023-07-17,270.4,-0.010611050128064514
2023-07-18,270.8,0.0014792899408284654
2023-07-19,268.6,-0.008124076809453484
2023-07-20,268.0,-0.0022338049143708627
2023-07-21,266.6,-0.0052238805970148405
2023-07-24,265.2,-0.005251312828207233
2023-07-25,275.2,0.03770739064856721
2023-07-26,273.2,-0.007267441860465129
2023-07-27,276.5,0.012079062957540243
2023-07-28,270.6,-0.02133815551537066
2023-07-31,272.4,0.006651884700664912
2023-08-02,271.2,-0.004405286343612258
2023-08-03,268.6,-0.009587020648967437
2023-08-04,271.6,0.011169024571854091
2023-08-07,273.5,0.006995581737849754
2023-08-08,269.4,-0.01499085923217558
2023-08-09,270.5,0.004083147735709058
2023-08-10,275.9,0.019963031423290145
2023-08-11,272.4,-0.012685755708590096
2023-08-14,274.4,0.007342143906020615
2023-08-15,273.8,-0.0021865889212826506
2023-08-16,274.6,0.0029218407596787177
2023-08-17,270.4,-0.015294974508376025
2023-08-18,269.0,-0.005177514792899296
2023-08-21,268.6,-0.0014869888475835813
2023-08-22,266.9,-0.006329113924050778
2023-08-23,264.5,-0.008992131884600907
2023-08-24,262.6,-0.007183364839319362
2023-08-25,264.4,0.006854531607006775
2023-08-28,268.3,0.014750378214826165
2023-08-29,272.7,0.01639955273947069
2023-08-30,272.8,0.00036670333700050683
2023-08-31,265.9,-0.025293255131964898
2023-09-01,260.7,-0.019556224144415157
2023-09-04,256.4,-0.016494054468738084
2023-09-05,255.7,-0.002730109204368114
2023-09-06,259.1,0.01329683222526401
2023-09-07,260.9,0.006947124662292303
2023-09-08,260.1,-0.0030663089306245395
2023-09-11,260.1,0.0
2023-09-12,259.6,-0.0019223375624759509
2023-09-13,256.5,-0.011941448382126407
2023-09-14,263.5,0.02729044834308003
2023-09-15,265.1,0.006072106261859611
2023-09-18,267.1,0.007544322897020006
2023-09-19,264.8,-0.00861100711344065
2023-09-20,269.0,0.015861027190332333
2023-09-21,267.3,-0.00631970260223047
2023-09-22,264.3,-0.011223344556677839
2023-09-25,266.1,0.006810442678774065
2023-09-26,260.7,-0.020293122886133164
2023-09-27,259.1,-0.00613732259301869
2023-09-28,259.8,0.0027016595908915253
2023-09-29,261.0,0.004618937644341736
2023-10-02,260.8,-0.0007662835249041544
2023-10-03,260.4,-0.0015337423312884457
2023-10-04,258.0,-0.009216589861751112
2023-10-05,261.5,0.013565891472868241
2023-10-06,263.9,0.009177820267686432
2023-10-09,263.0,-0.0034103827207274673
2023-10-10,265.9,0.011026615969581766
2023-10-11,261.8,-0.015419330575404122
2023-10-12,264.7,0.011077158135981646
2023-10-13,265.0,0.0011333585190782536
2023-10-16,265.9,0.0033962264150941834
2023-10-17,260.5,-0.020308386611508022
2023-10-18,254.4,-0.023416506717850227
2023-10-19,251.7,-0.010613207547169878
2023-10-20,247.5,-0.016686531585220488
2023-10-23,251.8,0.017373737373737486
2023-10-24,252.0,0.000794281175536149
2023-10-25,240.4,-0.04603174603174598
2023-10-26,239.6,-0.0033277870216306127
2023-10-27,240.6,0.004173622704507496
2023-10-30,241.7,0.004571903574397407
2023-10-31,244.5,0.01158460901944558
2023-11-01,241.8,-0.01104294478527601
2023-11-02,249.6,0.032258064516129004
2023-11-03,242.5,-0.028445512820512775
2023-11-06,239.9,-0.010721649484536022
2023-11-07,239.9,0.0
2023-11-08,240.5,0.002501042100875317
2023-11-09,242.8,0.00956340956340962
2023-11-10,239.8,-0.012355848434925876
2023-11-13,241.6,0.007506255212677226
2023-11-14,246.0,0.01821192052980125
2023-11-15,249.5,0.014227642276422703
2023-11-16,246.8,-0.01082164328657309
2023-11-17,246.4,-0.0016207455429497752
2023-11-20,247.8,0.005681818181818121
2023-11-21,247.3,-0.0020177562550444117
2023-11-22,248.8,0.006065507480792487
2023-11-23,249.7,0.003617363344051272
2023-11-24,252.9,0.012815378454144932
2023-11-27,254.4,0.005931198102016699
2023-11-28,253.4,-0.0039308176100628645
2023-11-29,256.2,0.011049723756906049
2023-11-30,253.2,-0.011709601873536313
2023-12-01,255.9,0.010663507109004877
2023-12-04,255.2,-0.0027354435326299997
2023-12-05,258.6,0.013322884012539227
2023-12-06,261.3,0.010440835266821269
2023-12-07,260.0,-0.004975124378109541
2023-12-08,262.0,0.007692307692307665
2023-12-11,267.7,0.02175572519083957
2023-12-12,275.9,0.030631303698169576
2023-12-13,278.5,0.009423704240667075
2023-12-14,285.4,0.024775583482944175
2023-12-15,292.1,0.023475823405746388
2023-12-18,290.6,-0.005135227661759667
2023-12-19,286.6,-0.013764624913971124
2023-12-20,290.5,0.013607815771109477
2023-12-21,290.2,-0.001032702237521499
2023-12-22,296.7,0.022398345968297706
2023-12-27,290.2,-0.02190765082574997
2023-12-28,287.6,-0.008959338387318994
2023-12-29,289.8,0.007649513212795611
2024-01-03,294.6,0.016563146997929712
2024-01-04,301.3,0.02274270196877115
2024-01-05,298.5,-0.009293063391968226
2024-01-08,292.5,-0.02010050251256279
2024-01-09,293.1,0.002051282051282133
2024-01-10,291.8,-0.004435346298191756
2024-01-11,295.6,0.013022618231665506
2024-01-12,298.3,0.009133964817320761
2024-01-15,295.8,-0.008380824673147824
2024-01-16,296.0,0.0006761325219741821
2024-01-17,296.7,0.0023648648648648685
2024-01-18,293.5,-0.010785305021907665
2024-01-19,287.0,-0.022146507666098825
2024-01-22,293.6,0.022996515679442497
2024-01-23,288.7,-0.01668937329700282
2024-01-24,285.7,-0.010391409767925186
2024-01-25,290.1,0.015400770038502154
2024-01-26,291.3,0.004136504653567741
2024-01-29,293.4,0.00720906282183309
2024-01-30,294.0,0.002044989775051187
2024-01-31,293.8,-0.0006802721088434716
2024-02-01,290.4,-0.011572498298162093
2024-02-02,286.2,-0.01446280991735538
2024-02-05,290.1,0.013626834381551545
2024-02-06,290.1,0.0
2024-02-07,284.6,-0.018958979662185405
2024-02-08,284.0,-0.0021082220660576523
2024-02-09,284.6,0.0021126760563381364
2024-02-12,282.3,-0.008081517919887649
2024-02-13,281.4,-0.0031880977683317324
2024-02-14,285.3,0.013859275053305087
2024-02-15,284.8,-0.001752541184717793
2024-02-16,282.1,-0.00948033707865159
2024-02-19,284.4,0.00815313718539512
2024-02-20,284.8,0.0014064697609001975
2024-02-21,288.7,0.013693820224718989
2024-02-22,288.3,-0.0013855213023898916
2024-02-23,287.9,-0.0013874436351024588
2024-02-26,291.0,0.010767627648489153
2024-02-27,288.4,-0.008934707903780148
2024-02-28,294.5,0.02115117891816931
2024-02-29,297.6,0.010526315789473717
2024-03-01,257.3,-0.13541666666666674
2024-03-04,250.9,-0.024873688301593533
2024-03-05,246.0,-0.019529693104822665
2024-03-06,248.3,0.009349593495935116
2024-03-07,248.9,0.002416431735803526
2024-03-08,244.7,-0.016874246685415928
2024-03-11,245.4,0.002860645688598451
2024-03-12,247.9,0.010187449062754705
2024-03-13,244.5,-0.013715207745058522
2024-03-14,239.6,-0.020040899795501055
2024-03-15,240.8,0.005008347245408995
2024-03-18,238.9,-0.007890365448504966
2024-03-19,237.0,-0.007953118459606556
2024-03-20,239.3,0.009704641350211096
2024-03-21,243.1,0.01587964897618055
2024-03-22,243.9,0.0032908268202387347
2024-03-25,244.2,0.0012300123001229846
2024-03-26,248.5,0.01760851760851767
2024-03-27,250.2,0.006841046277666019
2024-03-28,251.0,0.003197442046362964
2024-04-02,249.5,-0.005976095617529875
2024-04-03,257.9,0.03366733466933858
2024-04-04,258.7,0.003101977510663101
2024-04-05,256.0,-0.010436799381522976
2024-04-08,256.7,0.0027343749999999556
2024-04-09,254.8,-0.0074016361511490825
2024-04-10,252.8,-0.00784929356357933
2024-04-11,252.3,-0.001977848101265778
2024-04-12,253.7,0.005548949663099378
2024-04-15,254.9,0.004729996058336683
2024-04-16,249.5,-0.021184778344448874
2024-04-17,251.2,0.006813627254508958
2024-04-18,251.1,-0.00039808917197448057
2024-04-19,248.7,-0.009557945041816063
2024-04-22,254.4,0.022919179734619988
2024-04-23,242.0,-0.04874213836477992
2024-04-24,240.7,-0.005371900826446341
2024-04-25,238.5,-0.009140008309098446
2024-04-26,242.8,0.018029350104821873
2024-04-29,244.5,0.007001647446458037
2024-04-30,243.7,-0.0032719836400818547
2024-05-02,245.0,0.005334427574887224
2024-05-03,244.4,-0.002448979591836764
2024-05-06,247.2,0.011456628477904962
2024-05-07,247.9,0.0028317152103560783
2024-05-08,250.5,0.010488100040338733
2024-05-10,248.9,-0.006387225548902142
2024-05-13,247.7,-0.004821213338690344
2024-05-14,247.3,-0.0016148566814694343
2024-05-15,248.6,0.005256773150020155
2024-05-16,250.6,0.008045052292839916
2024-05-17,247.8,-0.011173184357541777
2024-05-21,244.8,-0.01210653753026636
2024-05-22,245.4,0.002450980392156854
2024-05-23,243.7,-0.006927465362673302
2024-05-24,245.8,0.008617152236356285
2024-05-27,250.9,0.020748576078112313
2024-05-28,251.2,0.0011956954962135669
2024-05-29,249.8,-0.005573248407643172
2024-05-30,251.2,0.00560448358686938
2024-05-31,255.5,0.017117834394904552
2024-06-03,255.7,0.0007827788649705791
2024-06-04,257.6,0.007430582714118339
2024-06-05,266.3,0.033773291925465854
2024-06-06,269.1,0.010514457378896003
2024-06-07,268.6,-0.00185804533630618
2024-06-10,267.3,-0.004839910647803425
2024-06-11,259.6,-0.028806584362139898
2024-06-12,259.9,0.0011556240369798854
2024-06-13,258.6,-0.005001923816852494
2024-06-14,256.5,-0.008120649651972234
2024-06-17,256.0,-0.0019493177387914784
2024-06-18,258.9,0.011328124999999911
2024-06-19,261.4,0.009656237929702494
2024-06-20,258.8,-0.009946442234123776
2024-06-21,255.9,-0.011205564142194757
2024-06-24,259.0,0.012114107073075475
2024-06-25,257.7,-0.0050193050193050315
2024-06-26,260.4,0.010477299185098987
2024-06-27,257.0,-0.013056835637480724
2024-06-28,258.4,0.005447470817120603
2024-07-01,261.5,0.01199690402476783
2024-07-02,264.0,0.009560229445506607
2024-07-03,269.2,0.019696969696969546
2024-07-04,267.6,-0.005943536404160343
2024-07-05,264.1,-0.013079222720478345
2024-07-08,255.9,-0.031048845134418857
2024-07-09,256.2,0.0011723329425556983
2024-07-10,260.0,0.014832162373145996
2024-07-11,259.6,-0.0015384615384614886
2024-07-12,257.9,-0.006548536209553313
2024-07-15,256.7,-0.00465296626599454
2024-07-16,259.7,0.01168679392286709
2024-07-17,257.0,-0.01039661147477855
2024-07-18,257.9,0.0035019455252918164
2024-07-19,257.6,-0.0011632415664984963
2024-07-22,264.0,0.024844720496894235
2024-07-23,268.9,0.018560606060606055
2024-07-24,268.2,-0.002603198214949698
2024-07-25,268.3,0.0003728560775542178
2024-07-26,267.7,-0.002236302646291599
2024-07-29,270.6,0.010833022039596685
2024-07-30,272.6,0.007390983000739038
2024-07-31,272.5,-0.0003668378576670017
2024-08-02,256.1,-0.06018348623853198
2024-08-05,251.9,-0.01639984381101134
2024-08-06,248.2,-0.014688368400158858
2024-08-07,255.8,0.030620467365028325
2024-08-08,252.8,-0.011727912431587217
2024-08-09,252.8,0.0
2024-08-12,253.8,0.003955696202531556
2024-08-13,253.4,-0.0015760441292356209
2024-08-14,256.9,0.013812154696132506
2024-08-15,258.0,0.004281821720513834
2024-08-16,257.6,-0.0015503875968991832
2024-08-19,258.0,0.0015527950310558758
2024-08-20,257.1,-0.0034883720930232176
2024-08-21,256.8,-0.001166861143523934
2024-08-22,258.7,0.007398753894080956
2024-08-23,262.1,0.013142636258214324
2024-08-26,260.0,-0.008012209080503707
2024-08-27,258.9,-0.004230769230769371
2024-08-28,260.1,0.004634994206257348
2024-08-29,263.2,0.011918492887350807
2024-08-30,263.1,-0.0003799392097263432
2024-09-02,264.6,0.005701254275940704
2024-09-03,261.1,-0.013227513227513255
2024-09-04,260.1,-0.0038299502106472483
2024-09-05,252.1,-0.03075740099961566
2024-09-06,248.0,-0.016263387544625085
2024-09-09,250.5,0.010080645161290258
2024-09-10,248.5,-0.007984031936127733
2024-09-11,248.5,0.0
2024-09-12,254.1,0.022535211267605604
2024-09-13,248.6,-0.02164502164502169
2024-09-16,246.8,-0.007240547063555813
2024-09-17,246.4,-0.0016207455429497752
2024-09-18,243.7,-0.01095779220779225
2024-09-19,242.5,-0.00492408699220348
2024-09-20,231.8,-0.044123711340206095
2024-09-23,231.4,-0.0017256255392580355
2024-09-24,233.9,0.010803802938634366
2024-09-25,233.6,-0.001282599401453699
2024-09-26,231.9,-0.007277397260273877
2024-09-27,231.9,0.0
2024-09-30,230.8,-0.004743423889607579
2024-10-01,227.4,-0.014731369150779883
2024-10-02,226.1,-0.005716798592788064
2024-10-03,223.2,-0.012826183104820865
2024-10-04,224.6,0.006272401433691677
2024-10-07,223.6,-0.0044523597506678225
2024-10-08,225.8,0.009838998211091354
2024-10-09,224.0,-0.00797165633303809
2024-10-10,221.2,-0.012500000000000067
2024-10-11,221.4,0.000904159132007365
2024-10-14,223.5,0.009485094850948395
2024-10-15,222.4,-0.004921700223713632
2024-10-16,223.4,0.004496402877697925
2024-10-17,223.9,0.0022381378692928333
2024-10-18,224.9,0.004466279589102173
2024-10-21,221.1,-0.01689639839928858
2024-10-22,220.4,-0.003165988240615092
2024-10-23,216.8,-0.016333938294010864
2024-10-24,220.6,0.017527675276752586
2024-10-25,220.0,-0.0027198549410697437
2024-10-28,220.0,0.0
2024-10-29,219.7,-0.0013636363636364557
2024-10-30,217.0,-0.01228948566226673
2024-10-31,215.6,-0.006451612903225823
2024-11-01,217.5,0.008812615955473113
2024-11-04,216.1,-0.006436781609195474
2024-11-05,213.2,-0.013419713095789043
2024-11-06,207.8,-0.025328330206378924
2024-11-07,209.3,0.007218479307026016
2024-11-08,208.7,-0.002866698518872557
2024-11-11,206.4,-0.011020603737422086
2024-11-12,204.0,-0.011627906976744207
2024-11-13,205.5,0.007352941176470562
2024-11-14,210.9,0.026277372262773824
2024-11-15,208.9,-0.009483167377904222
2024-11-18,210.4,0.007180469123982736
2024-11-19,210.4,0.0
2024-11-20,208.2,-0.010456273764258617
2024-11-21,208.0,-0.0009606147934677622
2024-11-22,209.5,0.007211538461538547
2024-11-25,208.8,-0.003341288782816143
2024-11-26,208.6,-0.0009578544061303873
2024-11-27,209.4,0.003835091083413289
2024-11-28,210.2,0.0038204393505252288
2024-11-29,210.6,0.0019029495718363432
2024-12-02,213.3,0.012820512820512997
2024-12-03,213.4,0.00046882325363339916
2024-12-04,210.6,-0.013120899718837897
2024-12-05,212.1,0.007122507122507171
2024-12-06,210.9,-0.005657708628005631
2024-12-09,211.1,0.0009483167377903889
2024-12-10,211.6,0.002368545712932324
2024-12-11,210.9,-0.0033081285444234165
2024-12-12,205.0,-0.027975343764817473
2024-12-13,206.6,0.007804878048780495
2024-12-16,206.0,-0.0029041626331074433
2024-12-17,202.6,-0.01650485436893212
2024-12-18,202.3,-0.0014807502467916178
2024-12-19,202.3,0.0
2024-12-20,202.5,0.000988630746416197
2024-12-23,205.0,0.012345679012345734
2024-12-27,207.5,0.012195121951219523
2024-12-30,207.8,0.0014457831325300763
2025-01-03,207.9,0.00048123195380167516
2025-01-06,209.4,0.00721500721500723
2025-01-07,208.5,-0.004297994269340966
2025-01-08,207.4,-0.005275779376498813
2025-01-09,203.0,-0.02121504339440694
2025-01-10,202.6,-0.0019704433497537144
2025-01-13,201.3,-0.006416584402763936
2025-01-14,200.0,-0.006458022851465572
2025-01-15,200.9,0.0044999999999999485
2025-01-16,201.6,0.0034843205574912606
2025-01-17,201.8,0.0009920634920634885
2025-01-20,206.7,0.02428146679881049
2025-01-21,206.8,0.00048379293662326184
2025-01-22,204.6,-0.010638297872340496
2025-01-23,206.6,0.009775171065493637
2025-01-24,204.6,-0.009680542110358181
2025-01-27,206.9,0.011241446725317683
2025-01-28,206.9,0.0
2025-01-29,207.2,0.0014499758337360724
2025-01-30,209.2,0.009652509652509744
2025-01-31,207.6,-0.007648183556405286
2025-02-03,203.2,-0.021194605009633993
2025-02-04,201.6,-0.007874015748031482
2025-02-05,202.0,0.001984126984126977
2025-02-06,204.1,0.010396039603960405
2025-02-07,201.5,-0.01273885350318471
2025-02-10,203.8,0.011414392059553302
2025-02-11,209.5,0.02796859666339535
2025-02-12,207.7,-0.008591885441527447
2025-02-13,211.6,0.01877708233028419
2025-02-14,209.2,-0.011342155009451793
2025-02-17,209.7,0.002390057361376652
2025-02-18,210.4,0.0033381020505485193
2025-02-19,211.5,0.005228136882129197
2025-02-20,213.2,0.008037825059101555
2025-02-21,214.2,0.004690431519699834
2025-02-24,217.3,0.014472455648926408
2025-02-25,216.8,-0.0023009664058905033
2025-02-26,216.7,-0.0004612546125462025
2025-02-27,206.9,-0.045223811721273544
2025-02-28,207.6,0.003383276945384095
2025-03-03,214.6,0.033718689788053924
2025-03-04,203.8,-0.05032618825722268
2025-03-05,205.5,0.008341511285574033
2025-03-06,210.1,0.022384428223844344
2025-03-07,208.7,-0.006663493574488366
2025-03-10,218.5,0.04695735505510301
2025-03-11,210.8,-0.035240274599542265
2025-03-12,208.2,-0.012333965844402384
2025-03-13,209.0,0.003842459173871271
2025-03-14,210.5,0.0071770334928229484
2025-03-17,211.7,0.005700712589073564
2025-03-18,213.5,0.008502598016060459
2025-03-19,214.9,0.006557377049180246
2025-03-20,214.9,0.0
2025-03-21,212.5,-0.01116798510935324
2025-03-24,212.7,0.0009411764705882231
2025-03-25,204.1,-0.04043253408556646
2025-03-26,203.9,-0.000979911807937217
2025-03-27,205.9,0.009808729769494873
2025-03-28,206.7,0.0038853812530352805
2025-03-31,203.5,-0.015481373971939938
2025-04-01,203.1,-0.0019656019656020263
2025-04-02,202.7,-0.001969473165928104
2025-04-03,185.5,-0.08485446472619629
2025-04-04,180.55,-0.02668463611859828
2025-04-07,171.05,-0.05261700360011079
2025-04-08,176.65,0.032738965214849314
2025-04-09,168.25,-0.04755165581658649
